CUST_ID,KMeans_Cluster
C10001,8
C10002,5
C10003,2
C10004,2
C10005,2
C10006,3
C10007,0
C10008,3
C10009,2
C10010,2
C10011,3
C10012,2
C10013,6
C10014,6
C10015,5
C10016,1
C10017,5
C10018,3
C10019,6
C10020,3
C10021,3
C10022,1
C10023,3
C10024,1
C10025,5
C10026,3
C10027,9
C10028,3
C10029,1
C10030,3
C10031,1
C10032,1
C10033,9
C10034,2
C10035,3
C10036,5
C10037,5
C10038,1
C10039,9
C10040,9
C10041,5
C10043,1
C10044,2
C10045,5
C10046,6
C10047,1
C10048,5
C10049,5
C10050,0
C10051,9
C10052,1
C10053,6
C10054,5
C10055,9
C10056,8
C10057,2
C10058,9
C10059,6
C10060,5
C10061,1
C10062,2
C10063,2
C10064,5
C10065,8
C10067,1
C10068,2
C10069,5
C10070,5
C10071,2
C10072,2
C10073,1
C10074,1
C10075,5
C10077,2
C10078,2
C10079,6
C10080,2
C10081,3
C10082,5
C10083,9
C10084,3
C10085,5
C10086,8
C10087,4
C10088,6
C10089,0
C10090,1
C10092,1
C10093,9
C10094,5
C10095,1
C10096,1
C10097,9
C10098,2
C10099,2
C10100,5
C10101,2
C10102,5
C10103,4
C10104,8
C10105,8
C10106,3
C10107,6
C10108,8
C10109,5
C10110,9
C10111,3
C10112,5
C10113,1
C10114,1
C10115,6
C10116,5
C10117,1
C10118,5
C10119,0
C10120,6
C10121,3
C10122,5
C10123,4
C10124,5
C10125,1
C10126,2
C10127,6
C10128,5
C10130,5
C10131,6
C10132,5
C10133,6
C10134,9
C10135,5
C10136,2
C10137,6
C10138,3
C10139,9
C10140,3
C10141,2
C10142,6
C10143,1
C10144,6
C10145,9
C10146,2
C10147,5
C10148,5
C10149,6
C10150,6
C10151,2
C10152,3
C10153,5
C10154,3
C10155,1
C10156,1
C10157,6
C10158,4
C10159,1
C10160,0
C10161,3
C10162,1
C10163,5
C10164,6
C10165,9
C10166,5
C10167,5
C10168,3
C10169,2
C10170,3
C10171,5
C10172,3
C10173,0
C10174,3
C10175,6
C10176,5
C10177,0
C10178,8
C10179,5
C10180,1
C10181,5
C10182,9
C10183,5
C10184,0
C10185,8
C10186,6
C10187,8
C10188,1
C10189,8
C10190,6
C10191,3
C10192,5
C10193,3
C10194,9
C10196,9
C10197,2
C10198,2
C10199,8
C10200,3
C10201,2
C10202,6
C10203,0
C10204,0
C10205,2
C10206,1
C10207,2
C10208,9
C10209,4
C10211,1
C10212,6
C10213,8
C10214,9
C10215,9
C10216,1
C10217,8
C10218,1
C10219,2
C10220,5
C10221,2
C10222,3
C10223,8
C10224,1
C10226,8
C10227,9
C10228,6
C10229,6
C10230,6
C10231,2
C10232,6
C10233,2
C10234,2
C10235,6
C10236,6
C10237,8
C10238,6
C10239,6
C10240,3
C10241,9
C10242,2
C10243,6
C10244,2
C10245,1
C10246,1
C10247,3
C10248,3
C10249,9
C10250,0
C10251,6
C10252,2
C10253,6
C10254,8
C10255,6
C10256,3
C10257,1
C10258,6
C10259,9
C10260,3
C10261,3
C10262,0
C10263,5
C10265,8
C10266,8
C10267,1
C10269,6
C10270,5
C10271,2
C10272,6
C10273,6
C10274,1
C10275,3
C10276,6
C10277,6
C10278,2
C10279,2
C10280,6
C10281,0
C10282,9
C10283,0
C10284,6
C10285,1
C10286,8
C10287,9
C10288,8
C10289,3
C10290,1
C10291,6
C10292,3
C10293,2
C10294,6
C10295,5
C10296,5
C10297,5
C10298,9
C10299,2
C10300,5
C10301,0
C10302,9
C10303,2
C10304,5
C10305,3
C10306,0
C10307,9
C10308,5
C10309,2
C10310,0
C10311,9
C10312,6
C10313,5
C10314,2
C10315,5
C10316,0
C10317,0
C10318,0
C10319,5
C10320,2
C10321,0
C10322,1
C10323,6
C10324,5
C10325,5
C10326,5
C10327,5
C10328,2
C10329,3
C10330,8
C10331,5
C10332,1
C10333,5
C10334,2
C10335,5
C10336,3
C10337,6
C10338,9
C10339,5
C10340,0
C10341,5
C10342,0
C10343,6
C10344,0
C10345,5
C10346,1
C10347,8
C10348,0
C10349,4
C10350,3
C10351,9
C10352,9
C10353,9
C10354,2
C10355,0
C10356,8
C10357,2
C10358,6
C10359,1
C10360,4
C10361,5
C10362,6
C10364,1
C10365,8
C10366,8
C10367,6
C10368,0
C10369,1
C10370,5
C10371,5
C10372,6
C10373,5
C10374,2
C10375,1
C10376,9
C10377,3
C10378,2
C10379,3
C10380,5
C10381,5
C10382,0
C10383,1
C10384,5
C10385,6
C10386,3
C10387,8
C10388,6
C10389,4
C10390,2
C10391,5
C10392,5
C10393,5
C10395,9
C10396,8
C10397,0
C10398,9
C10399,2
C10400,5
C10402,4
C10403,3
C10404,2
C10405,2
C10406,6
C10407,1
C10408,3
C10409,5
C10410,3
C10411,9
C10412,5
C10413,1
C10414,6
C10415,3
C10416,1
C10417,6
C10419,5
C10420,6
C10421,8
C10422,5
C10423,5
C10424,4
C10425,5
C10426,6
C10427,8
C10428,9
C10429,3
C10430,6
C10431,2
C10432,6
C10433,6
C10434,1
C10435,1
C10436,5
C10437,5
C10438,6
C10439,1
C10441,1
C10442,5
C10443,5
C10444,9
C10445,5
C10446,5
C10447,1
C10448,2
C10449,5
C10450,5
C10451,9
C10452,1
C10453,6
C10454,5
C10455,9
C10456,8
C10457,5
C10458,5
C10459,3
C10460,6
C10461,1
C10462,6
C10463,2
C10466,5
C10467,4
C10468,2
C10469,6
C10470,1
C10471,1
C10472,1
C10473,4
C10474,3
C10475,6
C10476,3
C10477,6
C10478,6
C10480,6
C10481,6
C10482,1
C10483,5
C10484,5
C10485,6
C10486,3
C10487,1
C10488,2
C10489,9
C10490,5
C10491,6
C10492,5
C10493,3
C10494,3
C10495,1
C10497,6
C10498,5
C10501,2
C10502,4
C10503,6
C10504,5
C10505,5
C10506,0
C10507,0
C10508,5
C10509,0
C10510,9
C10511,0
C10512,1
C10513,5
C10514,0
C10515,9
C10516,9
C10517,9
C10518,5
C10519,5
C10520,4
C10521,2
C10522,1
C10523,6
C10524,0
C10525,6
C10526,3
C10527,4
C10528,3
C10529,0
C10530,5
C10532,1
C10533,4
C10534,6
C10535,9
C10536,1
C10537,6
C10538,0
C10539,5
C10540,5
C10542,4
C10543,3
C10544,9
C10545,6
C10546,5
C10547,6
C10548,6
C10549,5
C10550,9
C10551,9
C10552,3
C10553,1
C10554,3
C10555,1
C10556,3
C10557,1
C10558,6
C10559,8
C10560,6
C10561,9
C10562,2
C10563,1
C10564,1
C10565,0
C10566,1
C10567,2
C10568,0
C10569,6
C10570,0
C10571,3
C10572,0
C10573,9
C10574,6
C10575,1
C10576,9
C10577,9
C10578,9
C10579,3
C10580,5
C10581,1
C10582,5
C10583,9
C10584,0
C10585,5
C10586,3
C10587,0
C10588,5
C10589,6
C10590,0
C10591,3
C10592,8
C10593,9
C10594,2
C10595,5
C10596,5
C10597,8
C10598,6
C10599,3
C10600,5
C10601,9
C10602,2
C10603,2
C10604,5
C10605,0
C10606,5
C10607,5
C10608,6
C10609,6
C10610,8
C10611,0
C10612,8
C10613,1
C10615,6
C10616,6
C10617,2
C10618,5
C10619,9
C10620,8
C10621,9
C10622,6
C10623,6
C10624,3
C10625,9
C10626,5
C10627,5
C10628,6
C10629,2
C10630,0
C10631,1
C10632,4
C10633,1
C10634,6
C10635,1
C10636,9
C10637,0
C10638,1
C10639,5
C10640,5
C10641,0
C10642,1
C10643,8
C10644,6
C10645,6
C10646,8
C10647,1
C10648,3
C10649,6
C10650,2
C10651,3
C10652,6
C10653,1
C10654,0
C10655,3
C10656,5
C10657,2
C10658,1
C10659,1
C10660,2
C10661,5
C10662,5
C10663,8
C10665,0
C10666,6
C10667,5
C10668,0
C10669,6
C10670,6
C10671,0
C10672,9
C10673,6
C10674,1
C10675,5
C10676,1
C10677,1
C10678,6
C10679,4
C10680,8
C10681,6
C10682,0
C10683,8
C10684,1
C10685,8
C10686,6
C10688,0
C10689,6
C10690,9
C10691,6
C10692,3
C10693,3
C10694,8
C10695,0
C10696,9
C10697,9
C10698,5
C10699,6
C10700,3
C10701,5
C10702,6
C10703,5
C10704,6
C10705,3
C10706,9
C10707,8
C10708,9
C10709,1
C10710,2
C10711,1
C10712,5
C10713,3
C10714,3
C10715,2
C10716,0
C10717,0
C10718,2
C10719,1
C10720,6
C10721,1
C10722,6
C10723,9
C10724,3
C10725,0
C10726,3
C10727,5
C10728,5
C10729,5
C10730,2
C10731,6
C10732,2
C10733,9
C10734,5
C10735,6
C10736,6
C10737,5
C10738,2
C10739,6
C10740,3
C10741,2
C10742,9
C10743,5
C10744,2
C10745,1
C10746,2
C10747,1
C10748,5
C10749,5
C10750,1
C10751,5
C10752,6
C10753,1
C10754,5
C10755,6
C10756,0
C10757,2
C10758,5
C10759,5
C10760,0
C10761,1
C10762,5
C10763,8
C10764,2
C10765,2
C10766,5
C10767,5
C10768,4
C10769,5
C10770,1
C10771,5
C10772,3
C10773,2
C10774,2
C10775,1
C10776,6
C10777,9
C10779,3
C10780,1
C10781,5
C10782,9
C10783,5
C10784,1
C10785,5
C10786,6
C10787,6
C10788,5
C10789,4
C10790,1
C10791,5
C10792,8
C10793,5
C10794,2
C10795,5
C10796,1
C10797,1
C10798,2
C10799,0
C10800,9
C10801,6
C10803,2
C10804,2
C10805,6
C10806,6
C10807,5
C10808,9
C10809,5
C10810,5
C10811,1
C10812,6
C10813,3
C10814,3
C10815,5
C10816,9
C10817,5
C10818,5
C10819,6
C10820,4
C10821,5
C10822,9
C10823,8
C10824,3
C10825,5
C10826,4
C10827,3
C10828,3
C10829,5
C10830,0
C10831,8
C10832,5
C10833,6
C10834,5
C10835,6
C10836,0
C10837,2
C10838,1
C10839,9
C10840,2
C10841,9
C10843,9
C10844,8
C10845,9
C10846,3
C10847,5
C10848,3
C10849,5
C10850,5
C10852,3
C10853,2
C10854,2
C10855,6
C10856,9
C10857,1
C10858,6
C10859,6
C10860,9
C10861,5
C10862,5
C10863,5
C10864,3
C10865,1
C10866,1
C10867,3
C10868,4
C10869,3
C10870,5
C10871,6
C10872,5
C10873,1
C10874,1
C10875,1
C10876,5
C10877,2
C10878,4
C10879,5
C10880,2
C10881,2
C10882,1
C10883,9
C10884,5
C10885,1
C10886,9
C10887,1
C10888,6
C10889,5
C10890,3
C10891,8
C10892,6
C10893,6
C10894,1
C10895,1
C10896,5
C10897,1
C10898,9
C10899,9
C10900,5
C10901,1
C10902,6
C10903,5
C10904,5
C10905,6
C10906,9
C10907,4
C10908,5
C10909,9
C10910,5
C10911,9
C10912,4
C10913,9
C10914,5
C10915,6
C10916,1
C10917,6
C10918,0
C10919,1
C10920,0
C10921,6
C10922,6
C10923,5
C10924,1
C10925,6
C10926,0
C10927,3
C10928,8
C10929,9
C10930,3
C10931,5
C10932,9
C10933,1
C10934,5
C10935,5
C10936,2
C10937,1
C10939,2
C10940,2
C10941,1
C10942,5
C10943,4
C10944,8
C10945,2
C10946,8
C10947,3
C10949,6
C10950,6
C10951,8
C10952,0
C10953,8
C10954,2
C10955,5
C10956,3
C10957,5
C10958,4
C10959,0
C10960,2
C10961,5
C10962,2
C10963,5
C10965,1
C10966,1
C10967,5
C10968,3
C10969,2
C10970,6
C10971,5
C10972,0
C10973,1
C10974,2
C10975,6
C10976,5
C10977,9
C10978,6
C10979,9
C10980,0
C10981,8
C10982,8
C10983,3
C10984,2
C10985,6
C10986,6
C10987,2
C10988,9
C10989,8
C10990,5
C10991,2
C10992,2
C10993,5
C10994,6
C10995,9
C10996,5
C10997,3
C10998,4
C10999,3
C11000,1
C11001,0
C11002,1
C11003,9
C11004,0
C11005,2
C11006,9
C11007,1
C11008,2
C11009,3
C11010,6
C11011,9
C11012,9
C11013,2
C11014,3
C11015,6
C11016,0
C11017,5
C11018,9
C11019,1
C11020,3
C11021,5
C11022,0
C11023,5
C11024,6
C11025,6
C11026,5
C11027,6
C11028,1
C11029,2
C11030,4
C11031,5
C11032,1
C11033,3
C11034,3
C11035,2
C11036,2
C11038,9
C11039,5
C11040,0
C11041,4
C11042,1
C11043,6
C11044,5
C11045,6
C11046,9
C11047,1
C11048,5
C11049,2
C11050,2
C11051,5
C11052,5
C11053,6
C11054,6
C11055,2
C11056,2
C11057,3
C11058,0
C11059,9
C11060,2
C11061,2
C11062,5
C11063,8
C11064,5
C11065,5
C11066,0
C11067,1
C11068,1
C11069,8
C11070,1
C11071,9
C11072,5
C11073,6
C11074,5
C11075,2
C11076,5
C11077,5
C11078,4
C11079,5
C11080,2
C11081,2
C11082,6
C11083,9
C11084,5
C11085,9
C11086,2
C11087,4
C11088,1
C11089,3
C11090,3
C11091,3
C11092,2
C11093,0
C11094,1
C11095,5
C11096,0
C11097,9
C11098,1
C11099,9
C11100,2
C11101,8
C11102,9
C11103,9
C11104,2
C11105,3
C11106,4
C11107,5
C11108,2
C11109,0
C11110,5
C11111,5
C11112,8
C11113,6
C11114,1
C11115,2
C11116,2
C11117,5
C11118,8
C11119,6
C11120,8
C11121,5
C11122,1
C11123,5
C11124,1
C11125,3
C11126,9
C11128,4
C11129,1
C11130,5
C11131,1
C11132,1
C11133,8
C11134,6
C11135,3
C11136,9
C11137,4
C11138,3
C11139,6
C11140,9
C11141,2
C11142,1
C11143,1
C11145,5
C11146,3
C11148,5
C11149,3
C11150,3
C11151,5
C11152,1
C11153,2
C11154,4
C11155,8
C11156,0
C11157,5
C11158,5
C11159,3
C11161,2
C11162,1
C11163,9
C11164,6
C11165,9
C11166,8
C11167,4
C11169,2
C11170,2
C11171,8
C11172,5
C11173,5
C11174,5
C11175,1
C11176,5
C11177,6
C11178,6
C11179,1
C11180,9
C11181,5
C11182,6
C11184,5
C11185,2
C11186,5
C11187,2
C11188,9
C11189,3
C11190,1
C11192,0
C11193,6
C11195,6
C11196,4
C11197,2
C11198,8
C11199,0
C11200,8
C11201,3
C11202,3
C11203,8
C11204,9
C11205,9
C11206,5
C11207,8
C11208,4
C11209,8
C11210,9
C11211,9
C11212,6
C11213,5
C11214,1
C11215,5
C11216,2
C11217,8
C11219,5
C11220,0
C11221,4
C11222,5
C11223,3
C11224,5
C11225,9
C11226,5
C11227,0
C11228,3
C11229,3
C11230,9
C11231,6
C11232,8
C11233,8
C11234,0
C11235,5
C11236,0
C11237,0
C11238,3
C11239,9
C11240,3
C11241,6
C11242,0
C11243,6
C11244,2
C11245,4
C11246,6
C11247,8
C11248,8
C11249,3
C11250,1
C11251,2
C11252,9
C11253,8
C11254,8
C11255,5
C11256,0
C11257,0
C11258,1
C11259,8
C11260,9
C11261,5
C11262,0
C11263,4
C11264,0
C11265,0
C11266,5
C11267,8
C11268,4
C11269,9
C11270,0
C11271,9
C11272,8
C11273,5
C11274,3
C11275,5
C11276,1
C11277,3
C11278,4
C11279,8
C11280,5
C11281,8
C11282,2
C11283,5
C11284,0
C11285,6
C11286,1
C11287,3
C11288,5
C11289,5
C11290,4
C11291,6
C11292,6
C11293,1
C11294,4
C11295,9
C11296,2
C11297,2
C11298,5
C11299,9
C11300,0
C11301,1
C11302,3
C11303,5
C11304,8
C11305,5
C11306,3
C11307,0
C11308,9
C11309,3
C11310,0
C11311,9
C11312,6
C11313,6
C11314,3
C11315,0
C11316,4
C11317,3
C11318,2
C11319,6
C11320,3
C11321,6
C11322,5
C11323,0
C11324,2
C11325,3
C11326,9
C11327,3
C11328,2
C11329,6
C11330,0
C11331,0
C11332,6
C11334,9
C11335,6
C11336,2
C11337,0
C11338,9
C11339,9
C11340,8
C11341,3
C11342,6
C11343,2
C11344,2
C11345,1
C11346,0
C11347,0
C11348,5
C11349,0
C11350,1
C11351,3
C11352,5
C11353,0
C11354,2
C11355,5
C11356,1
C11357,0
C11358,2
C11359,6
C11360,5
C11361,2
C11362,2
C11363,1
C11364,9
C11365,5
C11366,2
C11367,6
C11368,9
C11369,4
C11370,6
C11371,6
C11372,5
C11373,5
C11374,6
C11375,9
C11376,6
C11377,5
C11378,9
C11379,8
C11380,1
C11381,5
C11382,8
C11383,0
C11384,4
C11385,4
C11386,9
C11387,6
C11388,6
C11389,2
C11390,5
C11391,1
C11392,2
C11394,5
C11395,1
C11396,1
C11397,0
C11398,3
C11399,2
C11400,8
C11401,9
C11402,9
C11403,1
C11404,0
C11405,5
C11406,6
C11407,0
C11408,3
C11409,3
C11410,5
C11411,5
C11412,3
C11413,1
C11414,6
C11415,0
C11416,2
C11417,9
C11418,3
C11419,6
C11420,6
C11421,0
C11422,8
C11423,0
C11424,5
C11425,3
C11426,3
C11427,6
C11428,1
C11429,9
C11430,6
C11431,8
C11432,8
C11433,9
C11434,2
C11435,5
C11436,4
C11437,5
C11438,9
C11439,5
C11440,2
C11441,6
C11442,6
C11443,5
C11444,2
C11445,0
C11446,9
C11447,3
C11448,5
C11449,2
C11450,3
C11451,0
C11452,6
C11453,5
C11454,3
C11455,6
C11456,5
C11457,1
C11458,0
C11459,1
C11460,2
C11461,6
C11463,1
C11464,8
C11466,9
C11467,8
C11468,0
C11469,8
C11470,6
C11471,0
C11472,1
C11473,8
C11474,5
C11475,6
C11476,5
C11477,9
C11478,3
C11479,0
C11480,6
C11481,0
C11482,1
C11483,9
C11484,6
C11485,6
C11486,3
C11487,6
C11488,1
C11489,8
C11490,1
C11491,2
C11492,0
C11493,3
C11494,3
C11495,6
C11496,8
C11497,5
C11498,5
C11499,5
C11500,3
C11501,9
C11502,6
C11503,4
C11504,2
C11505,4
C11506,8
C11507,6
C11508,0
C11509,9
C11510,5
C11511,0
C11512,9
C11513,6
C11514,6
C11515,9
C11516,2
C11517,5
C11518,0
C11519,0
C11520,4
C11522,3
C11523,6
C11524,5
C11526,2
C11527,6
C11528,6
C11529,6
C11530,8
C11531,5
C11532,6
C11533,2
C11534,0
C11536,5
C11537,1
C11538,1
C11539,2
C11540,5
C11541,6
C11542,5
C11543,1
C11544,9
C11545,0
C11546,2
C11547,3
C11548,0
C11549,6
C11550,6
C11551,8
C11552,4
C11553,6
C11554,6
C11555,5
C11556,5
C11557,5
C11558,3
C11559,5
C11560,2
C11561,1
C11562,2
C11563,9
C11564,9
C11565,4
C11566,2
C11567,9
C11568,9
C11569,5
C11570,6
C11571,1
C11572,2
C11573,6
C11574,0
C11575,0
C11576,9
C11577,3
C11578,1
C11579,5
C11580,5
C11581,8
C11582,1
C11583,1
C11585,6
C11586,3
C11587,9
C11588,5
C11589,9
C11590,8
C11591,1
C11592,5
C11593,1
C11594,5
C11595,4
C11596,8
C11597,1
C11598,9
C11599,5
C11600,2
C11601,6
C11602,3
C11603,9
C11604,3
C11605,4
C11606,3
C11607,3
C11608,3
C11609,3
C11610,5
C11611,6
C11612,0
C11613,3
C11614,5
C11615,1
C11616,2
C11617,8
C11618,6
C11619,0
C11621,6
C11622,1
C11623,2
C11624,5
C11625,6
C11626,1
C11627,8
C11628,1
C11629,2
C11630,9
C11631,1
C11632,3
C11633,8
C11634,8
C11635,0
C11636,2
C11637,3
C11638,6
C11639,0
C11640,9
C11641,0
C11642,3
C11643,4
C11644,8
C11645,8
C11646,6
C11647,2
C11648,6
C11649,1
C11650,3
C11651,4
C11652,5
C11653,5
C11654,6
C11655,9
C11656,6
C11657,0
C11658,1
C11659,4
C11660,1
C11661,9
C11662,0
C11663,6
C11664,4
C11666,1
C11667,2
C11668,3
C11669,0
C11670,0
C11671,6
C11672,6
C11673,0
C11674,4
C11675,5
C11676,9
C11677,6
C11678,1
C11679,2
C11680,9
C11681,5
C11682,3
C11683,5
C11684,2
C11685,1
C11686,2
C11687,5
C11688,4
C11689,3
C11690,5
C11691,2
C11692,0
C11693,6
C11694,5
C11695,0
C11696,4
C11697,5
C11698,6
C11699,3
C11700,5
C11701,6
C11702,5
C11703,0
C11704,6
C11705,8
C11706,1
C11707,6
C11708,0
C11709,2
C11710,1
C11711,1
C11712,4
C11713,5
C11714,1
C11715,1
C11716,5
C11717,0
C11718,0
C11719,5
C11720,4
C11721,6
C11722,9
C11723,6
C11724,6
C11725,2
C11726,3
C11728,3
C11729,6
C11730,1
C11731,9
C11732,3
C11733,0
C11734,5
C11735,9
C11736,6
C11737,5
C11738,5
C11739,1
C11740,4
C11741,5
C11742,4
C11743,5
C11744,5
C11745,1
C11746,8
C11747,2
C11749,2
C11750,8
C11751,9
C11752,3
C11753,6
C11754,1
C11755,9
C11756,5
C11757,5
C11758,6
C11759,6
C11760,6
C11761,5
C11762,5
C11763,0
C11764,6
C11765,6
C11766,1
C11767,3
C11768,5
C11769,5
C11770,1
C11771,6
C11773,1
C11774,6
C11775,5
C11776,0
C11777,2
C11778,6
C11779,1
C11780,4
C11781,5
C11782,8
C11784,8
C11785,6
C11786,6
C11787,0
C11788,5
C11789,2
C11790,1
C11791,8
C11792,0
C11794,5
C11795,9
C11796,3
C11797,6
C11798,6
C11799,5
C11800,1
C11801,6
C11802,8
C11803,0
C11804,6
C11805,3
C11806,6
C11807,4
C11808,1
C11809,8
C11810,3
C11811,0
C11813,0
C11814,0
C11815,1
C11816,1
C11817,2
C11818,3
C11819,1
C11820,5
C11821,8
C11822,1
C11823,6
C11824,0
C11825,0
C11826,2
C11827,6
C11828,3
C11829,1
C11830,3
C11831,6
C11832,6
C11833,3
C11834,5
C11835,6
C11836,5
C11837,5
C11838,5
C11839,8
C11840,9
C11841,1
C11842,0
C11843,5
C11844,6
C11845,9
C11846,5
C11847,9
C11848,9
C11849,5
C11850,3
C11851,0
C11852,2
C11853,8
C11854,3
C11855,5
C11856,6
C11857,6
C11858,9
C11859,5
C11860,5
C11861,5
C11862,5
C11863,3
C11864,9
C11865,2
C11866,3
C11867,2
C11868,9
C11869,2
C11870,5
C11871,5
C11872,2
C11873,9
C11874,0
C11875,6
C11876,9
C11877,1
C11878,5
C11879,8
C11880,2
C11881,0
C11882,1
C11883,2
C11884,6
C11885,5
C11886,0
C11887,6
C11888,3
C11889,1
C11890,8
C11892,5
C11893,9
C11894,4
C11895,0
C11896,1
C11897,6
C11898,3
C11899,4
C11900,3
C11901,9
C11902,1
C11903,6
C11904,8
C11905,6
C11906,1
C11907,5
C11908,3
C11909,2
C11910,2
C11911,2
C11912,1
C11913,9
C11914,9
C11915,5
C11916,6
C11917,5
C11918,6
C11919,5
C11920,2
C11921,3
C11922,4
C11924,1
C11925,8
C11926,1
C11927,3
C11928,5
C11929,1
C11930,4
C11931,5
C11932,2
C11933,6
C11934,5
C11935,3
C11936,5
C11937,6
C11938,3
C11939,5
C11940,3
C11941,8
C11942,6
C11943,1
C11944,2
C11945,5
C11946,6
C11947,2
C11948,5
C11949,2
C11950,2
C11951,4
C11952,5
C11953,4
C11954,2
C11955,6
C11956,9
C11957,5
C11958,1
C11959,2
C11960,4
C11961,2
C11962,8
C11963,5
C11964,6
C11965,6
C11966,5
C11967,5
C11968,6
C11969,1
C11970,0
C11971,1
C11972,6
C11973,2
C11974,6
C11975,1
C11976,3
C11977,1
C11978,5
C11979,9
C11980,6
C11981,5
C11982,5
C11983,1
C11984,1
C11985,1
C11986,5
C11987,9
C11988,4
C11989,4
C11990,5
C11991,3
C11992,1
C11993,3
C11994,5
C11995,5
C11996,5
C11997,5
C11998,1
C11999,5
C12000,5
C12001,2
C12002,9
C12004,2
C12005,9
C12006,1
C12007,1
C12008,2
C12009,6
C12010,8
C12011,6
C12012,1
C12013,5
C12014,5
C12015,6
C12016,6
C12017,1
C12018,5
C12019,3
C12020,1
C12021,3
C12022,6
C12023,3
C12024,6
C12025,9
C12026,1
C12027,2
C12028,5
C12029,5
C12030,3
C12031,3
C12032,9
C12033,8
C12034,5
C12035,1
C12036,6
C12037,5
C12038,6
C12039,9
C12040,3
C12041,8
C12042,6
C12043,9
C12044,2
C12045,2
C12046,1
C12047,5
C12048,4
C12049,6
C12050,5
C12051,5
C12052,3
C12053,2
C12054,0
C12055,9
C12056,2
C12057,9
C12058,8
C12059,0
C12060,6
C12061,5
C12062,3
C12063,5
C12064,5
C12065,5
C12066,5
C12067,6
C12068,2
C12069,2
C12070,3
C12071,5
C12072,6
C12073,9
C12074,2
C12075,6
C12076,2
C12077,5
C12078,6
C12079,1
C12080,2
C12081,1
C12082,5
C12083,1
C12084,3
C12085,2
C12086,1
C12087,0
C12088,6
C12089,8
C12090,2
C12091,9
C12092,0
C12093,2
C12094,3
C12095,1
C12096,0
C12097,1
C12098,5
C12099,5
C12100,1
C12101,5
C12102,9
C12103,1
C12104,3
C12105,3
C12107,9
C12108,5
C12109,9
C12110,1
C12111,0
C12112,1
C12113,5
C12114,5
C12115,6
C12116,4
C12117,2
C12118,6
C12119,6
C12120,5
C12121,2
C12122,9
C12124,6
C12125,8
C12127,5
C12128,5
C12129,2
C12130,2
C12131,5
C12132,2
C12133,0
C12134,0
C12135,3
C12136,5
C12137,6
C12138,1
C12139,8
C12140,6
C12141,5
C12142,4
C12143,6
C12144,2
C12145,1
C12146,1
C12147,6
C12148,6
C12149,5
C12150,6
C12151,3
C12152,1
C12153,1
C12154,6
C12155,5
C12156,9
C12157,5
C12158,1
C12159,3
C12160,0
C12161,1
C12162,5
C12163,5
C12164,2
C12165,4
C12166,5
C12167,5
C12168,3
C12169,2
C12170,2
C12171,5
C12172,5
C12173,0
C12174,5
C12175,0
C12176,6
C12177,5
C12178,6
C12179,2
C12180,9
C12181,6
C12182,0
C12183,5
C12184,5
C12185,5
C12186,5
C12187,5
C12188,3
C12189,9
C12190,6
C12191,0
C12192,4
C12194,2
C12195,3
C12196,0
C12197,9
C12198,5
C12199,0
C12200,2
C12201,3
C12202,3
C12203,4
C12204,2
C12205,6
C12206,5
C12207,6
C12208,0
C12209,8
C12210,6
C12211,3
C12212,1
C12213,6
C12214,9
C12215,5
C12216,5
C12217,2
C12218,8
C12219,1
C12220,1
C12221,0
C12222,5
C12223,5
C12224,6
C12225,6
C12226,1
C12227,2
C12228,6
C12229,4
C12230,9
C12231,6
C12232,3
C12233,5
C12234,5
C12235,3
C12236,2
C12237,8
C12238,5
C12239,3
C12240,5
C12241,5
C12242,3
C12243,3
C12244,0
C12246,8
C12247,9
C12248,5
C12249,9
C12250,6
C12251,1
C12252,5
C12253,6
C12254,2
C12255,2
C12256,0
C12257,5
C12258,5
C12260,5
C12261,5
C12262,9
C12263,5
C12264,3
C12265,5
C12266,3
C12267,9
C12268,8
C12269,5
C12270,3
C12271,1
C12272,6
C12273,6
C12274,6
C12275,9
C12276,3
C12277,0
C12278,4
C12279,9
C12280,5
C12281,1
C12282,3
C12283,2
C12284,5
C12285,0
C12286,0
C12287,6
C12288,2
C12289,6
C12291,7
C12292,3
C12293,8
C12294,5
C12295,6
C12296,1
C12297,5
C12298,2
C12299,5
C12300,4
C12301,8
C12302,1
C12303,3
C12304,5
C12305,9
C12306,6
C12307,5
C12308,6
C12309,1
C12310,5
C12311,0
C12312,2
C12313,2
C12314,1
C12315,4
C12316,5
C12317,9
C12318,5
C12319,9
C12320,2
C12321,0
C12322,2
C12323,6
C12324,9
C12325,6
C12326,2
C12327,6
C12329,1
C12330,0
C12331,2
C12332,0
C12333,3
C12334,9
C12335,2
C12336,6
C12337,1
C12338,1
C12339,2
C12340,2
C12341,8
C12342,1
C12343,6
C12344,5
C12345,3
C12346,2
C12347,1
C12348,9
C12349,9
C12350,2
C12351,3
C12352,9
C12353,2
C12354,2
C12355,2
C12356,2
C12357,6
C12358,3
C12359,1
C12360,8
C12361,3
C12362,6
C12363,5
C12364,3
C12365,2
C12366,2
C12367,1
C12368,8
C12369,9
C12370,5
C12371,5
C12372,6
C12373,5
C12374,3
C12375,5
C12376,5
C12377,5
C12378,8
C12381,4
C12382,6
C12383,6
C12384,6
C12385,1
C12386,5
C12387,6
C12388,2
C12389,1
C12390,4
C12391,1
C12392,5
C12393,5
C12394,8
C12395,9
C12396,8
C12397,9
C12398,4
C12399,8
C12400,6
C12401,2
C12402,5
C12403,1
C12404,0
C12405,6
C12406,3
C12407,4
C12408,9
C12409,6
C12410,1
C12411,2
C12412,1
C12413,9
C12414,6
C12415,1
C12416,5
C12417,5
C12418,6
C12419,3
C12420,3
C12421,5
C12422,9
C12423,2
C12424,9
C12425,5
C12426,5
C12427,6
C12428,1
C12429,2
C12430,4
C12431,9
C12432,6
C12433,9
C12434,1
C12435,0
C12436,0
C12437,1
C12438,5
C12439,5
C12440,3
C12441,4
C12442,6
C12443,5
C12444,8
C12445,4
C12446,6
C12447,1
C12448,5
C12449,6
C12450,5
C12451,5
C12452,3
C12453,8
C12454,3
C12455,6
C12456,1
C12457,6
C12458,5
C12459,3
C12460,9
C12461,1
C12462,5
C12463,2
C12464,1
C12465,1
C12466,5
C12467,9
C12468,6
C12469,5
C12470,5
C12471,0
C12472,9
C12473,6
C12474,9
C12475,3
C12476,1
C12477,3
C12478,3
C12479,6
C12480,2
C12481,9
C12482,8
C12483,3
C12484,3
C12485,9
C12486,5
C12487,8
C12488,4
C12489,1
C12490,3
C12491,3
C12492,3
C12493,6
C12494,0
C12495,1
C12497,5
C12498,5
C12499,9
C12500,5
C12501,1
C12502,8
C12503,5
C12504,9
C12505,0
C12506,9
C12507,6
C12508,3
C12509,4
C12510,3
C12511,1
C12512,4
C12513,5
C12514,0
C12515,1
C12516,1
C12517,0
C12518,0
C12519,6
C12520,1
C12521,5
C12522,5
C12523,5
C12524,9
C12525,5
C12526,4
C12527,6
C12528,5
C12529,9
C12530,2
C12531,6
C12532,8
C12533,3
C12534,1
C12535,2
C12536,5
C12537,9
C12538,4
C12539,5
C12540,1
C12541,1
C12542,0
C12543,1
C12544,1
C12545,3
C12546,2
C12547,1
C12548,9
C12549,9
C12550,2
C12551,6
C12552,3
C12553,8
C12554,6
C12555,2
C12556,2
C12557,9
C12558,3
C12559,3
C12560,2
C12561,5
C12562,5
C12563,5
C12564,5
C12565,1
C12566,6
C12567,2
C12568,5
C12569,1
C12570,8
C12571,2
C12572,0
C12573,1
C12574,0
C12575,4
C12576,9
C12577,0
C12578,5
C12579,5
C12580,6
C12581,5
C12582,3
C12583,8
C12584,2
C12585,1
C12586,1
C12587,9
C12588,5
C12589,1
C12590,1
C12591,5
C12592,6
C12593,5
C12594,8
C12595,4
C12596,6
C12597,0
C12598,2
C12599,2
C12600,9
C12601,6
C12602,2
C12603,9
C12604,4
C12605,5
C12606,5
C12607,9
C12608,0
C12609,8
C12610,3
C12611,9
C12612,5
C12613,0
C12614,5
C12615,5
C12616,5
C12617,3
C12618,2
C12619,2
C12620,5
C12621,5
C12622,9
C12623,3
C12624,0
C12625,6
C12626,5
C12627,3
C12628,5
C12629,9
C12630,5
C12631,8
C12632,3
C12633,2
C12634,0
C12635,1
C12636,5
C12637,5
C12638,5
C12639,5
C12640,1
C12641,6
C12642,6
C12643,4
C12644,5
C12645,1
C12646,5
C12647,1
C12648,1
C12650,5
C12651,9
C12652,3
C12653,1
C12654,5
C12655,0
C12656,1
C12657,4
C12658,1
C12659,3
C12660,5
C12661,4
C12663,3
C12664,4
C12665,2
C12666,1
C12667,1
C12668,3
C12669,9
C12670,1
C12671,5
C12672,9
C12673,5
C12674,5
C12675,1
C12676,6
C12677,4
C12678,9
C12679,5
C12680,3
C12681,5
C12682,5
C12683,9
C12684,9
C12685,3
C12686,2
C12687,2
C12688,9
C12689,1
C12690,9
C12691,2
C12692,4
C12693,2
C12694,3
C12695,5
C12696,3
C12697,8
C12698,4
C12699,2
C12700,3
C12701,9
C12702,5
C12703,4
C12704,5
C12705,6
C12706,8
C12707,9
C12708,1
C12709,9
C12710,2
C12712,6
C12713,6
C12714,5
C12715,3
C12716,9
C12717,6
C12718,6
C12719,9
C12720,1
C12721,2
C12722,9
C12723,3
C12724,3
C12725,5
C12726,1
C12727,5
C12728,5
C12729,5
C12730,4
C12731,2
C12732,4
C12733,6
C12734,5
C12735,2
C12736,8
C12737,5
C12738,5
C12739,6
C12740,2
C12741,6
C12742,3
C12743,3
C12744,5
C12745,0
C12746,9
C12747,1
C12748,6
C12749,2
C12750,5
C12751,9
C12752,8
C12753,5
C12754,1
C12755,9
C12756,4
C12757,1
C12758,1
C12759,5
C12760,3
C12761,9
C12762,9
C12763,6
C12764,6
C12765,0
C12766,3
C12767,5
C12768,5
C12769,1
C12770,5
C12771,5
C12772,5
C12773,1
C12774,1
C12775,6
C12776,9
C12777,3
C12778,2
C12779,2
C12780,2
C12781,8
C12782,3
C12783,5
C12784,3
C12786,5
C12787,0
C12788,5
C12789,3
C12790,0
C12791,5
C12792,2
C12793,1
C12794,9
C12795,6
C12796,6
C12797,3
C12798,5
C12799,6
C12800,5
C12801,6
C12802,6
C12803,8
C12804,9
C12805,5
C12806,6
C12807,1
C12808,5
C12809,4
C12810,6
C12811,2
C12812,3
C12813,4
C12814,5
C12815,1
C12816,5
C12818,5
C12819,2
C12820,5
C12821,5
C12822,2
C12823,1
C12824,6
C12825,9
C12826,2
C12827,4
C12828,4
C12829,6
C12830,6
C12831,6
C12832,5
C12833,9
C12834,9
C12835,5
C12836,6
C12837,2
C12838,6
C12839,6
C12840,1
C12841,5
C12842,1
C12843,4
C12844,0
C12845,9
C12846,3
C12847,6
C12848,5
C12849,1
C12850,5
C12851,3
C12852,2
C12853,2
C12854,3
C12855,0
C12857,2
C12858,1
C12859,5
C12860,1
C12861,0
C12862,9
C12863,6
C12864,6
C12865,9
C12866,6
C12867,4
C12868,3
C12869,8
C12871,2
C12872,2
C12873,5
C12874,6
C12875,5
C12876,3
C12877,9
C12878,5
C12879,5
C12880,2
C12881,1
C12883,0
C12884,8
C12885,0
C12886,3
C12887,0
C12888,6
C12889,1
C12890,1
C12891,3
C12892,9
C12893,6
C12894,9
C12895,1
C12896,2
C12897,5
C12898,0
C12899,3
C12900,5
C12901,2
C12902,5
C12903,8
C12904,0
C12905,6
C12906,5
C12907,5
C12908,9
C12909,6
C12910,5
C12911,5
C12912,5
C12913,9
C12914,1
C12915,0
C12916,6
C12917,3
C12918,5
C12919,6
C12920,5
C12921,1
C12922,1
C12923,9
C12924,8
C12925,0
C12926,2
C12927,5
C12928,5
C12929,0
C12930,4
C12931,3
C12932,8
C12933,5
C12934,1
C12935,3
C12936,6
C12937,8
C12938,4
C12939,5
C12941,9
C12943,9
C12944,9
C12945,5
C12946,5
C12947,4
C12948,2
C12949,5
C12950,9
C12951,5
C12952,0
C12953,5
C12954,1
C12955,6
C12956,1
C12957,6
C12958,5
C12959,1
C12960,2
C12961,2
C12962,2
C12963,3
C12964,2
C12965,2
C12966,2
C12967,5
C12968,5
C12969,6
C12970,1
C12971,5
C12972,5
C12973,5
C12974,2
C12975,3
C12976,3
C12977,3
C12978,9
C12979,4
C12980,5
C12981,9
C12982,5
C12983,3
C12984,3
C12985,3
C12986,3
C12987,6
C12988,1
C12989,6
C12990,4
C12991,2
C12992,9
C12993,2
C12994,2
C12995,9
C12996,8
C12997,6
C12998,3
C12999,5
C13000,3
C13001,3
C13002,1
C13004,3
C13005,2
C13006,2
C13007,5
C13008,5
C13009,8
C13011,2
C13012,5
C13013,6
C13014,5
C13015,5
C13016,4
C13017,6
C13018,4
C13019,5
C13020,1
C13021,5
C13022,5
C13023,5
C13024,5
C13025,5
C13026,4
C13027,5
C13028,5
C13029,5
C13031,4
C13032,9
C13033,5
C13034,5
C13035,3
C13036,9
C13037,2
C13038,0
C13039,8
C13040,9
C13041,5
C13042,5
C13043,5
C13044,3
C13045,4
C13046,4
C13047,5
C13048,1
C13049,5
C13050,5
C13051,5
C13052,1
C13053,5
C13054,8
C13056,9
C13057,8
C13058,6
C13059,2
C13060,0
C13061,9
C13062,2
C13063,6
C13064,1
C13065,1
C13066,4
C13067,1
C13068,5
C13069,3
C13070,2
C13071,1
C13072,2
C13073,6
C13074,2
C13076,6
C13077,0
C13078,5
C13079,3
C13080,9
C13081,5
C13082,3
C13083,5
C13084,9
C13085,3
C13086,6
C13087,6
C13088,2
C13089,1
C13090,5
C13091,8
C13092,9
C13093,3
C13094,2
C13095,6
C13096,6
C13097,9
C13098,9
C13099,6
C13100,2
C13101,5
C13102,6
C13103,1
C13104,3
C13105,4
C13106,6
C13107,6
C13108,6
C13109,6
C13110,2
C13111,6
C13112,1
C13113,1
C13114,3
C13115,9
C13116,5
C13117,3
C13118,8
C13119,6
C13120,2
C13121,1
C13122,5
C13123,5
C13124,9
C13125,1
C13126,5
C13127,5
C13128,5
C13129,5
C13130,3
C13131,1
C13132,5
C13133,2
C13134,1
C13135,9
C13136,6
C13137,9
C13138,9
C13139,2
C13140,9
C13141,3
C13142,3
C13143,6
C13144,6
C13145,4
C13146,2
C13147,9
C13148,6
C13149,5
C13150,2
C13151,1
C13152,1
C13153,3
C13154,5
C13155,8
C13156,5
C13157,5
C13158,6
C13159,8
C13160,5
C13161,4
C13162,6
C13163,1
C13164,2
C13165,5
C13166,5
C13167,5
C13168,8
C13169,1
C13170,6
C13171,9
C13172,1
C13173,5
C13174,4
C13175,2
C13176,2
C13178,6
C13179,5
C13180,2
C13181,2
C13182,4
C13183,9
C13184,9
C13185,5
C13186,1
C13187,2
C13188,2
C13189,5
C13190,1
C13191,3
C13192,5
C13193,1
C13194,5
C13195,0
C13196,9
C13197,5
C13198,6
C13199,1
C13200,8
C13201,4
C13202,1
C13203,5
C13204,5
C13205,9
C13206,6
C13207,3
C13208,1
C13209,8
C13210,5
C13211,1
C13212,6
C13213,6
C13214,3
C13215,9
C13216,4
C13217,5
C13218,0
C13219,5
C13220,3
C13221,2
C13222,6
C13223,8
C13224,3
C13225,9
C13226,9
C13227,8
C13228,4
C13229,1
C13230,6
C13231,5
C13232,1
C13233,3
C13234,6
C13235,3
C13236,6
C13237,3
C13238,2
C13239,1
C13240,6
C13241,6
C13242,9
C13243,9
C13244,2
C13245,9
C13246,6
C13247,1
C13248,1
C13249,1
C13250,0
C13251,2
C13252,2
C13253,5
C13254,3
C13255,5
C13257,9
C13258,5
C13259,8
C13260,2
C13261,4
C13262,1
C13263,3
C13264,3
C13265,5
C13266,8
C13267,3
C13268,2
C13269,5
C13270,9
C13271,1
C13272,1
C13273,5
C13275,5
C13276,5
C13277,6
C13278,5
C13279,8
C13280,0
C13282,2
C13283,1
C13284,6
C13285,5
C13286,9
C13287,2
C13288,0
C13289,3
C13290,5
C13291,5
C13292,3
C13293,1
C13294,5
C13295,5
C13296,0
C13297,1
C13298,3
C13299,5
C13300,9
C13301,8
C13302,2
C13303,5
C13304,9
C13305,9
C13306,2
C13307,2
C13308,9
C13309,5
C13310,3
C13312,5
C13313,5
C13314,9
C13315,5
C13316,5
C13317,8
C13318,0
C13319,4
C13320,2
C13321,9
C13322,0
C13323,2
C13324,3
C13325,6
C13326,9
C13327,3
C13328,6
C13329,8
C13330,2
C13331,3
C13332,6
C13333,2
C13334,0
C13335,6
C13336,5
C13337,5
C13338,3
C13339,5
C13340,6
C13341,2
C13342,1
C13343,3
C13344,9
C13345,0
C13346,5
C13347,5
C13348,4
C13349,4
C13350,3
C13351,5
C13352,4
C13353,5
C13354,0
C13355,5
C13356,5
C13357,3
C13358,5
C13359,5
C13360,2
C13361,6
C13362,5
C13363,1
C13364,1
C13365,5
C13366,8
C13367,9
C13368,1
C13369,1
C13370,3
C13371,1
C13372,6
C13373,5
C13374,9
C13375,2
C13376,6
C13377,9
C13378,4
C13379,2
C13380,3
C13381,6
C13382,6
C13383,5
C13384,9
C13385,9
C13386,6
C13387,5
C13388,2
C13389,2
C13390,9
C13391,5
C13392,5
C13393,2
C13394,9
C13395,3
C13396,1
C13397,8
C13398,3
C13399,5
C13400,4
C13401,9
C13402,1
C13403,3
C13404,1
C13405,5
C13406,4
C13407,1
C13408,0
C13409,0
C13410,1
C13411,2
C13412,2
C13413,9
C13414,6
C13416,5
C13417,2
C13418,3
C13419,0
C13420,6
C13421,3
C13422,6
C13423,9
C13424,5
C13425,6
C13426,5
C13427,3
C13428,5
C13429,9
C13430,1
C13431,0
C13432,5
C13433,2
C13434,5
C13435,1
C13436,5
C13437,2
C13439,9
C13440,3
C13441,5
C13442,1
C13443,6
C13444,1
C13445,8
C13446,6
C13447,5
C13448,9
C13449,1
C13450,9
C13451,5
C13452,1
C13453,2
C13454,6
C13455,5
C13456,5
C13457,1
C13458,8
C13459,2
C13460,1
C13461,5
C13462,1
C13463,9
C13464,0
C13465,6
C13466,3
C13467,2
C13468,2
C13469,9
C13470,4
C13471,9
C13472,8
C13473,3
C13474,4
C13475,1
C13476,5
C13478,2
C13479,6
C13480,3
C13481,3
C13482,5
C13483,9
C13484,6
C13485,6
C13486,2
C13487,5
C13488,6
C13489,6
C13490,1
C13491,4
C13492,2
C13493,6
C13494,5
C13495,1
C13496,3
C13497,5
C13498,5
C13499,6
C13500,3
C13501,6
C13502,2
C13503,2
C13504,3
C13505,6
C13506,1
C13507,2
C13508,6
C13509,5
C13510,1
C13511,5
C13512,2
C13513,5
C13514,2
C13515,2
C13516,4
C13517,5
C13518,4
C13519,5
C13520,0
C13521,5
C13522,0
C13523,5
C13524,6
C13525,3
C13526,3
C13527,5
C13528,5
C13529,5
C13530,4
C13531,0
C13532,6
C13533,6
C13534,1
C13535,3
C13536,4
C13537,1
C13538,9
C13539,2
C13540,9
C13541,2
C13542,5
C13543,6
C13544,3
C13545,5
C13546,3
C13547,5
C13548,6
C13549,6
C13550,5
C13551,6
C13552,2
C13553,4
C13554,5
C13555,5
C13556,8
C13557,6
C13558,5
C13559,1
C13560,4
C13561,2
C13562,4
C13563,3
C13564,6
C13565,5
C13566,5
C13567,1
C13568,4
C13569,5
C13570,5
C13571,5
C13572,6
C13573,0
C13574,5
C13575,9
C13576,6
C13577,8
C13578,5
C13579,5
C13580,5
C13581,1
C13582,6
C13583,3
C13584,2
C13585,4
C13586,3
C13587,1
C13588,6
C13589,6
C13591,3
C13592,5
C13593,6
C13594,5
C13596,5
C13597,6
C13598,1
C13599,9
C13600,5
C13601,5
C13602,6
C13603,2
C13604,9
C13605,0
C13606,5
C13607,5
C13608,6
C13610,6
C13611,3
C13612,2
C13613,0
C13614,1
C13615,5
C13616,1
C13617,5
C13618,4
C13619,5
C13620,6
C13621,0
C13622,6
C13623,5
C13624,4
C13625,0
C13626,1
C13627,6
C13628,5
C13629,9
C13630,0
C13631,6
C13632,5
C13633,9
C13634,5
C13635,5
C13636,1
C13637,6
C13638,4
C13639,5
C13640,3
C13641,2
C13642,2
C13643,1
C13644,6
C13645,5
C13646,5
C13647,5
C13648,5
C13649,5
C13650,2
C13651,2
C13652,5
C13653,6
C13654,1
C13655,5
C13656,5
C13657,2
C13658,9
C13659,3
C13660,5
C13661,1
C13662,1
C13663,8
C13664,3
C13665,5
C13666,9
C13668,9
C13669,3
C13670,1
C13671,1
C13672,5
C13673,5
C13674,2
C13675,5
C13676,5
C13677,6
C13678,1
C13679,1
C13680,2
C13681,8
C13682,6
C13683,2
C13684,8
C13685,1
C13686,6
C13687,5
C13688,4
C13689,5
C13690,6
C13691,8
C13692,5
C13693,5
C13694,1
C13695,5
C13696,4
C13697,5
C13698,6
C13699,5
C13701,9
C13702,8
C13703,6
C13704,3
C13705,4
C13706,1
C13707,5
C13708,5
C13709,1
C13710,0
C13711,6
C13712,9
C13713,3
C13714,6
C13715,8
C13717,1
C13718,3
C13719,2
C13720,9
C13721,2
C13722,2
C13723,3
C13724,2
C13725,1
C13726,1
C13727,9
C13728,4
C13729,3
C13730,3
C13731,5
C13732,5
C13733,4
C13734,6
C13735,4
C13736,0
C13737,1
C13738,2
C13739,4
C13740,9
C13741,1
C13742,5
C13743,5
C13744,5
C13745,9
C13746,1
C13747,1
C13748,5
C13749,3
C13750,9
C13751,5
C13752,5
C13753,6
C13754,9
C13755,6
C13756,9
C13757,5
C13758,2
C13759,5
C13760,2
C13761,2
C13762,0
C13763,4
C13764,1
C13765,8
C13767,6
C13768,1
C13769,4
C13770,5
C13771,3
C13772,1
C13773,6
C13774,4
C13775,1
C13776,5
C13777,3
C13778,6
C13779,2
C13780,6
C13781,9
C13782,2
C13783,5
C13784,6
C13785,5
C13786,6
C13787,5
C13788,2
C13789,2
C13790,5
C13791,9
C13792,6
C13793,2
C13794,6
C13795,6
C13796,0
C13797,3
C13798,2
C13799,6
C13800,9
C13801,3
C13802,0
C13803,2
C13804,5
C13805,3
C13806,1
C13807,5
C13809,2
C13810,6
C13811,5
C13812,6
C13813,6
C13814,1
C13815,3
C13816,2
C13817,1
C13819,3
C13820,4
C13821,2
C13822,5
C13823,4
C13824,1
C13825,6
C13826,9
C13827,1
C13828,5
C13829,5
C13830,5
C13831,0
C13832,4
C13833,8
C13834,2
C13835,6
C13836,6
C13837,5
C13838,3
C13839,1
C13840,1
C13841,5
C13842,5
C13843,9
C13844,4
C13845,2
C13846,6
C13847,1
C13848,6
C13849,4
C13850,1
C13851,0
C13852,2
C13853,3
C13855,8
C13856,1
C13857,3
C13858,9
C13859,9
C13860,1
C13861,6
C13862,1
C13863,2
C13864,6
C13865,1
C13866,9
C13867,5
C13868,0
C13869,5
C13870,0
C13871,3
C13872,1
C13873,5
C13874,5
C13875,6
C13876,5
C13877,6
C13878,5
C13879,5
C13881,2
C13882,6
C13883,1
C13884,5
C13885,2
C13886,6
C13887,3
C13888,5
C13889,5
C13890,2
C13891,0
C13892,5
C13893,1
C13894,3
C13895,8
C13896,6
C13897,2
C13898,1
C13899,6
C13900,9
C13901,2
C13902,6
C13903,2
C13904,1
C13905,2
C13906,3
C13907,8
C13908,1
C13909,3
C13910,5
C13911,6
C13912,5
C13913,2
C13914,1
C13915,6
C13916,8
C13917,0
C13918,5
C13919,9
C13920,9
C13921,1
C13922,5
C13923,3
C13924,3
C13925,5
C13926,5
C13927,2
C13928,2
C13929,9
C13930,5
C13931,6
C13932,8
C13933,9
C13934,5
C13935,8
C13936,1
C13937,5
C13938,6
C13939,5
C13940,2
C13941,3
C13942,5
C13943,1
C13944,0
C13945,9
C13946,4
C13947,5
C13948,5
C13949,2
C13950,2
C13951,6
C13952,8
C13953,5
C13954,3
C13955,3
C13956,1
C13957,3
C13958,9
C13959,2
C13960,8
C13961,3
C13962,3
C13964,9
C13965,4
C13966,0
C13967,5
C13968,1
C13969,1
C13970,8
C13971,6
C13972,2
C13973,4
C13974,2
C13975,3
C13977,5
C13978,6
C13979,2
C13980,3
C13981,5
C13982,2
C13983,3
C13984,5
C13985,1
C13986,5
C13987,2
C13988,0
C13989,8
C13990,5
C13991,3
C13992,9
C13993,6
C13994,9
C13995,6
C13996,1
C13997,6
C13998,3
C13999,5
C14000,1
C14001,5
C14002,0
C14003,3
C14004,5
C14005,9
C14006,9
C14007,6
C14008,2
C14009,4
C14010,2
C14011,1
C14012,8
C14013,5
C14014,5
C14015,6
C14016,5
C14017,8
C14018,1
C14019,5
C14020,0
C14021,5
C14022,5
C14023,2
C14024,3
C14026,3
C14027,4
C14028,1
C14029,3
C14030,3
C14031,2
C14032,5
C14033,9
C14034,5
C14035,3
C14036,5
C14037,6
C14038,3
C14039,2
C14040,1
C14041,5
C14042,5
C14043,1
C14044,3
C14045,5
C14046,6
C14047,9
C14048,0
C14049,3
C14050,1
C14051,5
C14052,9
C14053,5
C14054,4
C14055,1
C14056,5
C14057,6
C14058,3
C14059,0
C14060,5
C14061,8
C14062,8
C14063,5
C14064,0
C14065,0
C14066,0
C14067,6
C14068,4
C14069,2
C14070,5
C14071,3
C14072,9
C14073,8
C14074,3
C14075,2
C14076,3
C14077,5
C14078,2
C14079,5
C14080,0
C14081,3
C14082,6
C14083,1
C14084,5
C14085,5
C14086,5
C14087,4
C14088,6
C14089,2
C14090,5
C14091,1
C14092,4
C14094,8
C14095,5
C14096,1
C14097,3
C14098,5
C14099,3
C14100,6
C14101,5
C14102,5
C14103,6
C14104,5
C14105,2
C14106,2
C14107,8
C14108,5
C14109,0
C14111,3
C14112,5
C14113,9
C14114,5
C14115,6
C14116,5
C14117,6
C14119,5
C14120,1
C14121,2
C14122,9
C14123,9
C14124,6
C14125,3
C14126,6
C14127,6
C14128,6
C14129,3
C14130,5
C14131,9
C14132,9
C14133,0
C14134,5
C14135,8
C14136,5
C14137,4
C14138,5
C14139,0
C14140,5
C14141,3
C14142,5
C14143,2
C14144,1
C14145,3
C14146,4
C14147,6
C14148,5
C14149,4
C14150,6
C14151,1
C14152,5
C14153,4
C14154,5
C14155,1
C14156,2
C14157,5
C14158,0
C14159,2
C14161,5
C14162,2
C14163,2
C14164,2
C14165,4
C14166,0
C14167,5
C14168,0
C14169,8
C14170,3
C14171,9
C14172,8
C14173,8
C14174,2
C14175,2
C14177,5
C14178,5
C14179,5
C14180,5
C14181,5
C14182,5
C14183,2
C14184,2
C14185,5
C14186,5
C14187,2
C14188,6
C14189,4
C14190,1
C14191,6
C14192,6
C14193,5
C14194,2
C14195,5
C14196,9
C14197,0
C14198,8
C14199,5
C14200,5
C14201,6
C14202,6
C14203,3
C14204,0
C14205,1
C14206,2
C14207,5
C14208,6
C14209,5
C14210,5
C14211,5
C14212,2
C14213,5
C14214,5
C14215,2
C14216,5
C14217,5
C14218,6
C14219,5
C14220,2
C14221,6
C14222,3
C14223,3
C14224,3
C14225,0
C14226,2
C14227,1
C14228,1
C14229,5
C14230,2
C14231,2
C14232,5
C14233,8
C14234,5
C14235,6
C14236,2
C14237,5
C14238,0
C14239,5
C14240,0
C14241,5
C14242,6
C14243,3
C14244,8
C14245,9
C14246,3
C14247,5
C14248,1
C14249,6
C14250,8
C14251,6
C14252,4
C14253,9
C14254,1
C14255,9
C14256,6
C14257,6
C14258,2
C14259,5
C14260,5
C14261,5
C14262,6
C14263,4
C14264,9
C14265,2
C14266,1
C14267,2
C14268,6
C14269,4
C14270,2
C14271,1
C14272,3
C14273,2
C14274,1
C14275,5
C14276,4
C14277,6
C14278,9
C14279,5
C14280,3
C14281,5
C14282,5
C14283,0
C14284,5
C14285,2
C14286,2
C14287,5
C14288,5
C14289,8
C14290,3
C14291,9
C14292,6
C14293,8
C14294,5
C14295,1
C14297,8
C14298,9
C14299,4
C14300,2
C14301,6
C14302,3
C14303,3
C14304,1
C14305,4
C14306,2
C14307,3
C14308,8
C14309,2
C14310,2
C14311,9
C14312,9
C14313,1
C14314,2
C14315,5
C14316,9
C14317,0
C14318,8
C14319,4
C14320,5
C14322,1
C14323,9
C14324,0
C14325,2
C14326,4
C14327,2
C14328,1
C14329,6
C14330,2
C14331,6
C14332,9
C14333,5
C14334,0
C14335,9
C14336,9
C14337,5
C14338,2
C14339,1
C14340,8
C14341,5
C14342,3
C14343,2
C14344,2
C14345,2
C14346,9
C14347,0
C14348,9
C14349,8
C14350,6
C14351,2
C14352,3
C14353,0
C14354,5
C14355,5
C14356,9
C14357,1
C14358,0
C14359,5
C14360,5
C14361,2
C14362,3
C14363,6
C14364,0
C14365,0
C14366,1
C14367,5
C14368,3
C14369,9
C14370,5
C14371,5
C14372,4
C14373,8
C14374,9
C14375,6
C14376,8
C14377,4
C14378,0
C14379,8
C14380,3
C14381,5
C14382,1
C14383,3
C14384,6
C14385,4
C14386,5
C14387,6
C14388,2
C14389,0
C14390,2
C14391,9
C14392,5
C14393,5
C14394,6
C14395,4
C14396,5
C14397,5
C14398,4
C14399,8
C14400,0
C14401,1
C14402,6
C14403,6
C14404,5
C14405,6
C14406,6
C14407,1
C14408,2
C14409,6
C14410,3
C14411,5
C14412,8
C14413,5
C14414,6
C14415,6
C14416,2
C14417,6
C14418,3
C14419,9
C14421,5
C14422,2
C14423,1
C14424,5
C14425,2
C14426,3
C14427,8
C14428,8
C14429,2
C14430,3
C14431,5
C14432,1
C14433,5
C14434,2
C14435,5
C14436,1
C14437,5
C14439,2
C14440,9
C14441,5
C14442,1
C14443,6
C14444,4
C14445,5
C14447,0
C14448,2
C14449,1
C14450,1
C14451,5
C14452,1
C14453,8
C14455,1
C14456,4
C14457,0
C14458,2
C14459,5
C14460,8
C14461,6
C14462,1
C14463,3
C14464,0
C14465,6
C14466,3
C14467,8
C14468,2
C14469,5
C14470,1
C14471,1
C14472,1
C14473,5
C14474,3
C14475,4
C14476,4
C14477,3
C14478,1
C14479,5
C14480,8
C14481,5
C14482,1
C14483,5
C14484,5
C14485,5
C14486,6
C14487,3
C14488,6
C14489,1
C14490,5
C14492,4
C14493,1
C14494,6
C14495,5
C14496,4
C14497,0
C14498,6
C14499,6
C14500,5
C14501,6
C14502,6
C14503,5
C14504,4
C14505,1
C14506,1
C14507,5
C14508,8
C14509,4
C14510,6
C14511,2
C14512,6
C14513,2
C14514,8
C14515,1
C14516,6
C14517,1
C14518,8
C14519,9
C14520,1
C14521,9
C14522,2
C14523,5
C14524,8
C14525,5
C14526,6
C14527,5
C14528,8
C14529,9
C14530,3
C14531,2
C14532,0
C14533,5
C14534,9
C14535,5
C14536,5
C14537,8
C14538,6
C14539,8
C14540,9
C14541,9
C14542,5
C14543,2
C14544,2
C14545,6
C14546,5
C14547,3
C14548,5
C14549,5
C14550,6
C14551,0
C14553,5
C14554,4
C14555,5
C14556,3
C14557,9
C14558,6
C14559,2
C14560,2
C14561,1
C14562,1
C14563,5
C14564,6
C14565,0
C14566,9
C14567,2
C14568,1
C14569,2
C14570,0
C14571,3
C14572,3
C14573,5
C14574,9
C14575,4
C14576,5
C14577,5
C14578,5
C14579,5
C14580,0
C14581,0
C14582,2
C14583,5
C14584,2
C14585,5
C14586,3
C14587,3
C14588,6
C14589,2
C14590,2
C14591,6
C14592,9
C14593,1
C14594,1
C14595,3
C14596,1
C14597,4
C14598,9
C14599,3
C14600,6
C14601,5
C14602,2
C14603,5
C14604,6
C14606,1
C14607,6
C14608,3
C14609,5
C14610,5
C14611,1
C14612,1
C14613,6
C14614,5
C14615,1
C14616,8
C14617,5
C14618,1
C14619,5
C14620,4
C14621,5
C14622,3
C14623,5
C14624,2
C14625,8
C14626,6
C14627,2
C14628,4
C14629,9
C14630,6
C14631,5
C14632,9
C14633,6
C14634,5
C14635,1
C14636,2
C14637,3
C14638,5
C14639,1
C14640,1
C14641,6
C14642,6
C14643,6
C14644,6
C14645,9
C14646,8
C14647,3
C14648,8
C14649,5
C14650,3
C14651,5
C14652,3
C14653,5
C14654,2
C14655,2
C14656,1
C14657,6
C14658,5
C14659,0
C14660,6
C14661,3
C14662,3
C14663,8
C14664,2
C14665,6
C14666,2
C14667,0
C14668,2
C14669,0
C14670,8
C14672,6
C14673,3
C14674,3
C14675,5
C14676,1
C14677,4
C14678,6
C14679,0
C14680,2
C14681,1
C14682,9
C14683,0
C14684,9
C14685,1
C14686,5
C14687,4
C14688,9
C14689,2
C14690,5
C14691,9
C14692,5
C14693,0
C14694,9
C14695,9
C14696,5
C14697,5
C14698,0
C14699,6
C14700,9
C14701,0
C14702,2
C14703,2
C14704,4
C14705,1
C14706,5
C14707,1
C14708,9
C14709,8
C14710,1
C14711,1
C14712,0
C14713,5
C14714,0
C14715,2
C14716,0
C14717,5
C14718,8
C14719,4
C14720,2
C14721,5
C14722,3
C14723,9
C14724,1
C14725,3
C14726,9
C14727,6
C14728,5
C14729,3
C14730,9
C14731,5
C14732,4
C14733,5
C14734,2
C14735,5
C14736,6
C14737,2
C14738,5
C14739,0
C14740,6
C14741,2
C14742,3
C14743,5
C14744,6
C14745,5
C14746,4
C14747,3
C14748,9
C14749,5
C14750,1
C14751,4
C14752,5
C14753,2
C14754,2
C14755,8
C14756,0
C14757,8
C14758,9
C14759,6
C14760,2
C14761,5
C14762,6
C14763,8
C14764,1
C14765,0
C14766,5
C14767,3
C14768,5
C14769,6
C14770,2
C14771,0
C14772,5
C14773,5
C14774,3
C14775,8
C14776,9
C14777,1
C14778,3
C14779,5
C14780,5
C14781,3
C14783,5
C14784,2
C14785,5
C14786,4
C14787,5
C14788,6
C14789,6
C14790,1
C14791,5
C14792,2
C14793,6
C14794,4
C14795,1
C14796,2
C14797,3
C14798,2
C14799,6
C14800,1
C14802,3
C14803,5
C14804,1
C14805,6
C14806,2
C14807,2
C14808,0
C14809,2
C14810,3
C14811,4
C14812,5
C14813,5
C14814,5
C14815,2
C14816,5
C14817,8
C14818,5
C14819,5
C14820,2
C14821,2
C14822,5
C14823,3
C14824,6
C14825,8
C14826,2
C14827,3
C14828,1
C14829,5
C14830,5
C14831,4
C14832,5
C14833,4
C14834,1
C14835,6
C14836,9
C14837,0
C14838,9
C14839,1
C14841,6
C14842,2
C14843,5
C14844,9
C14845,6
C14846,5
C14847,8
C14848,9
C14849,5
C14850,1
C14851,1
C14852,5
C14853,5
C14854,1
C14855,6
C14856,4
C14857,3
C14858,6
C14859,5
C14860,3
C14861,3
C14862,2
C14863,2
C14864,9
C14865,3
C14866,5
C14867,5
C14868,5
C14870,5
C14871,3
C14872,2
C14873,5
C14874,1
C14876,5
C14877,2
C14878,5
C14879,8
C14880,1
C14881,5
C14882,3
C14884,5
C14885,1
C14886,5
C14887,3
C14888,6
C14889,5
C14890,6
C14892,6
C14894,6
C14895,2
C14896,3
C14897,6
C14898,0
C14899,5
C14900,8
C14901,5
C14902,0
C14903,5
C14904,3
C14905,5
C14906,2
C14907,0
C14908,3
C14909,9
C14910,5
C14911,8
C14912,9
C14913,3
C14914,5
C14915,8
C14916,5
C14917,2
C14918,1
C14919,3
C14920,8
C14921,4
C14922,5
C14923,8
C14924,1
C14925,2
C14926,0
C14927,1
C14928,8
C14929,1
C14930,5
C14931,1
C14932,9
C14933,3
C14934,5
C14935,2
C14936,4
C14937,5
C14938,4
C14939,2
C14940,8
C14941,5
C14942,0
C14943,3
C14944,2
C14945,5
C14946,5
C14947,3
C14948,5
C14949,6
C14950,2
C14951,3
C14952,5
C14953,3
C14954,6
C14955,2
C14956,1
C14957,1
C14958,3
C14959,2
C14960,6
C14961,9
C14962,0
C14963,1
C14964,0
C14965,8
C14966,3
C14967,9
C14968,3
C14969,5
C14970,5
C14971,5
C14972,5
C14973,8
C14974,2
C14975,6
C14976,3
C14977,8
C14978,3
C14979,6
C14980,5
C14981,2
C14982,3
C14983,1
C14984,3
C14985,5
C14986,9
C14987,3
C14988,2
C14989,3
C14990,1
C14991,4
C14992,2
C14993,4
C14994,6
C14995,3
C14996,0
C14997,5
C14998,2
C15000,6
C15001,3
C15002,2
C15003,6
C15004,4
C15005,5
C15006,3
C15007,8
C15008,5
C15009,3
C15010,8
C15011,9
C15012,5
C15013,8
C15014,6
C15015,5
C15016,6
C15017,0
C15018,8
C15019,2
C15020,3
C15021,8
C15022,8
C15023,3
C15025,3
C15026,3
C15027,6
C15028,4
C15029,1
C15030,4
C15031,9
C15032,3
C15033,4
C15034,5
C15035,2
C15036,0
C15037,6
C15038,5
C15039,2
C15040,6
C15041,1
C15042,0
C15043,1
C15044,5
C15045,5
C15046,9
C15047,6
C15048,9
C15049,3
C15050,5
C15051,2
C15052,5
C15054,6
C15055,5
C15056,6
C15057,6
C15058,1
C15059,9
C15060,5
C15061,3
C15062,0
C15063,5
C15064,1
C15065,2
C15067,3
C15068,2
C15069,8
C15070,8
C15071,8
C15073,5
C15074,9
C15075,5
C15076,8
C15077,8
C15078,3
C15079,1
C15080,8
C15081,5
C15082,5
C15083,8
C15084,1
C15085,2
C15086,2
C15087,5
C15088,5
C15089,0
C15090,3
C15091,5
C15092,5
C15093,8
C15094,5
C15095,2
C15096,5
C15097,3
C15098,6
C15099,1
C15100,9
C15101,9
C15102,8
C15103,4
C15104,0
C15105,9
C15106,4
C15107,5
C15108,3
C15109,3
C15110,8
C15111,1
C15112,5
C15113,8
C15114,1
C15115,9
C15116,5
C15117,2
C15118,6
C15121,3
C15122,6
C15123,1
C15124,3
C15125,0
C15126,5
C15127,2
C15128,5
C15129,8
C15130,5
C15131,3
C15132,9
C15133,9
C15134,3
C15135,5
C15136,5
C15137,9
C15138,6
C15139,6
C15140,2
C15141,3
C15142,6
C15143,8
C15144,2
C15145,9
C15146,2
C15147,2
C15148,8
C15149,4
C15150,4
C15151,1
C15152,5
C15153,2
C15154,6
C15155,6
C15156,5
C15157,6
C15158,5
C15159,6
C15160,5
C15161,3
C15162,4
C15163,6
C15164,1
C15165,2
C15166,5
C15167,1
C15168,6
C15169,6
C15170,8
C15171,3
C15172,9
C15173,5
C15174,9
C15175,3
C15177,5
C15178,5
C15179,4
C15180,1
C15181,0
C15182,5
C15183,8
C15184,1
C15185,2
C15186,6
C15187,5
C15188,6
C15189,5
C15190,0
C15191,4
C15192,2
C15193,0
C15194,9
C15195,9
C15196,6
C15197,4
C15198,3
C15199,5
C15200,4
C15201,9
C15202,3
C15203,5
C15204,5
C15206,3
C15207,4
C15208,0
C15209,5
C15210,0
C15211,5
C15212,5
C15213,3
C15214,2
C15215,3
C15216,8
C15217,3
C15218,6
C15219,3
C15220,5
C15221,0
C15222,5
C15223,3
C15224,3
C15225,8
C15226,5
C15227,2
C15228,5
C15229,6
C15230,2
C15232,1
C15233,6
C15234,3
C15235,0
C15236,5
C15237,4
C15239,1
C15240,3
C15241,5
C15242,5
C15243,6
C15244,8
C15245,8
C15246,9
C15247,5
C15248,8
C15249,3
C15250,2
C15251,9
C15252,8
C15253,2
C15254,2
C15255,4
C15256,1
C15257,3
C15258,8
C15259,8
C15260,2
C15261,1
C15262,8
C15263,1
C15264,8
C15265,6
C15266,5
C15267,3
C15268,5
C15269,5
C15270,8
C15271,5
C15272,3
C15273,0
C15274,6
C15275,2
C15276,3
C15277,1
C15278,4
C15279,5
C15280,6
C15281,0
C15282,6
C15283,8
C15284,9
C15285,1
C15286,5
C15287,1
C15288,6
C15289,9
C15290,5
C15291,9
C15292,3
C15293,3
C15294,3
C15295,2
C15296,9
C15297,5
C15298,0
C15299,5
C15300,5
C15301,0
C15302,3
C15303,5
C15304,6
C15305,8
C15306,5
C15307,5
C15308,5
C15309,4
C15310,1
C15311,5
C15312,3
C15313,6
C15314,2
C15315,2
C15316,5
C15317,5
C15318,8
C15319,6
C15320,0
C15321,1
C15322,1
C15323,5
C15324,8
C15325,8
C15326,9
C15327,1
C15328,3
C15329,5
C15330,6
C15331,2
C15332,3
C15333,9
C15334,0
C15335,4
C15336,5
C15337,5
C15338,1
C15339,6
C15341,1
C15342,3
C15343,1
C15344,1
C15345,0
C15346,4
C15347,9
C15348,0
C15350,5
C15351,2
C15352,4
C15353,3
C15354,1
C15355,5
C15356,8
C15357,5
C15358,0
C15359,2
C15360,9
C15361,2
C15362,9
C15364,1
C15365,0
C15366,8
C15367,9
C15368,6
C15369,3
C15370,3
C15371,2
C15372,1
C15373,9
C15374,2
C15375,2
C15376,6
C15377,3
C15378,3
C15379,5
C15380,1
C15381,2
C15382,2
C15383,4
C15384,5
C15385,1
C15386,3
C15387,6
C15388,9
C15389,3
C15390,5
C15391,3
C15392,5
C15393,9
C15394,2
C15395,3
C15396,0
C15397,4
C15398,4
C15399,5
C15400,8
C15401,9
C15402,1
C15403,6
C15404,5
C15405,3
C15406,8
C15407,6
C15408,9
C15409,3
C15410,3
C15411,0
C15412,5
C15413,5
C15414,0
C15415,3
C15417,5
C15418,5
C15419,5
C15420,1
C15421,6
C15422,5
C15423,4
C15424,6
C15425,9
C15426,6
C15427,0
C15428,6
C15429,1
C15430,9
C15431,3
C15432,5
C15433,5
C15435,4
C15436,9
C15437,3
C15438,1
C15439,6
C15440,3
C15441,8
C15442,5
C15443,0
C15444,5
C15445,5
C15446,5
C15448,1
C15449,3
C15450,5
C15451,2
C15452,4
C15453,4
C15454,3
C15455,4
C15456,4
C15457,8
C15459,1
C15460,4
C15461,0
C15462,1
C15463,5
C15464,9
C15465,8
C15466,2
C15467,2
C15469,3
C15470,2
C15471,5
C15472,1
C15473,8
C15474,4
C15475,5
C15476,5
C15477,3
C15478,3
C15479,0
C15480,5
C15481,3
C15482,5
C15483,2
C15484,2
C15485,9
C15486,6
C15487,2
C15488,2
C15489,4
C15490,1
C15491,8
C15492,1
C15493,5
C15494,1
C15495,3
C15496,6
C15497,5
C15498,8
C15499,0
C15500,6
C15501,5
C15502,3
C15503,1
C15504,5
C15505,8
C15506,2
C15507,1
C15508,9
C15509,6
C15510,9
C15511,3
C15512,5
C15513,1
C15514,9
C15515,5
C15516,3
C15517,4
C15519,5
C15520,1
C15521,1
C15522,5
C15523,5
C15524,5
C15525,2
C15526,2
C15527,5
C15528,4
C15529,8
C15530,6
C15531,8
C15532,9
C15533,5
C15534,5
C15535,5
C15536,9
C15537,5
C15538,9
C15539,2
C15540,5
C15541,1
C15542,5
C15543,8
C15544,5
C15545,4
C15546,3
C15547,5
C15548,1
C15549,8
C15550,6
C15551,5
C15552,2
C15553,6
C15554,6
C15555,5
C15556,5
C15557,6
C15558,2
C15559,9
C15560,6
C15561,5
C15562,1
C15563,5
C15564,5
C15565,5
C15566,5
C15567,5
C15568,5
C15569,4
C15570,8
C15571,9
C15572,6
C15573,3
C15574,6
C15575,5
C15576,5
C15577,3
C15578,4
C15579,1
C15580,1
C15581,3
C15582,9
C15583,4
C15584,3
C15585,3
C15586,5
C15587,5
C15588,8
C15589,1
C15590,2
C15591,8
C15592,5
C15593,5
C15594,0
C15595,3
C15596,8
C15597,6
C15598,1
C15599,1
C15600,0
C15601,9
C15602,5
C15603,6
C15604,5
C15605,9
C15606,6
C15607,6
C15608,3
C15609,1
C15610,2
C15611,9
C15612,4
C15613,1
C15614,9
C15615,1
C15616,5
C15617,8
C15618,3
C15619,5
C15620,2
C15621,9
C15622,5
C15623,2
C15624,6
C15625,6
C15626,8
C15627,6
C15628,0
C15629,1
C15630,5
C15631,6
C15632,3
C15633,5
C15634,5
C15636,2
C15637,5
C15638,5
C15639,1
C15640,5
C15641,8
C15642,1
C15643,9
C15644,1
C15645,2
C15646,6
C15647,9
C15648,2
C15649,0
C15650,8
C15651,9
C15652,9
C15653,5
C15654,0
C15655,0
C15656,5
C15657,8
C15658,9
C15659,2
C15660,3
C15661,5
C15662,5
C15663,0
C15664,9
C15666,5
C15667,6
C15668,1
C15669,6
C15670,6
C15671,0
C15672,8
C15673,8
C15674,5
C15675,5
C15676,2
C15677,5
C15678,6
C15680,6
C15681,1
C15682,5
C15683,3
C15684,5
C15685,2
C15686,8
C15687,6
C15688,5
C15689,0
C15690,2
C15691,3
C15692,2
C15693,8
C15694,5
C15695,6
C15696,2
C15697,4
C15698,1
C15699,5
C15700,6
C15701,1
C15702,5
C15703,6
C15704,9
C15705,6
C15706,2
C15707,4
C15708,5
C15709,5
C15710,4
C15711,3
C15712,3
C15713,5
C15714,4
C15715,2
C15716,3
C15717,5
C15718,5
C15719,1
C15720,1
C15721,2
C15722,5
C15723,6
C15724,5
C15725,5
C15726,4
C15727,3
C15728,1
C15729,6
C15730,2
C15731,6
C15732,3
C15733,3
C15734,4
C15735,3
C15736,9
C15737,1
C15738,4
C15739,0
C15740,1
C15741,5
C15742,6
C15743,5
C15744,2
C15745,2
C15746,5
C15747,5
C15748,5
C15749,3
C15750,5
C15751,2
C15752,9
C15753,0
C15754,9
C15755,6
C15756,5
C15757,5
C15758,5
C15759,4
C15760,8
C15761,5
C15762,2
C15763,5
C15764,6
C15765,5
C15766,5
C15767,2
C15768,3
C15769,2
C15770,0
C15771,8
C15773,8
C15774,5
C15775,2
C15776,2
C15777,3
C15778,4
C15779,9
C15780,2
C15781,4
C15782,8
C15783,1
C15784,4
C15785,5
C15786,3
C15787,3
C15789,3
C15790,5
C15791,8
C15792,1
C15793,1
C15794,5
C15795,0
C15796,1
C15797,5
C15798,5
C15799,5
C15800,3
C15801,2
C15802,2
C15803,6
C15804,5
C15805,5
C15806,8
C15807,1
C15808,4
C15809,2
C15810,4
C15811,5
C15812,6
C15813,1
C15814,4
C15815,3
C15816,8
C15817,3
C15818,2
C15819,9
C15820,5
C15821,3
C15822,4
C15823,9
C15824,1
C15825,1
C15826,8
C15827,5
C15828,0
C15829,3
C15830,3
C15831,6
C15832,6
C15833,5
C15834,2
C15835,5
C15836,1
C15837,4
C15838,5
C15839,2
C15840,5
C15841,0
C15842,5
C15843,8
C15844,3
C15845,0
C15846,5
C15847,4
C15848,5
C15849,5
C15850,1
C15851,8
C15852,0
C15853,6
C15854,9
C15856,3
C15857,3
C15858,4
C15859,5
C15860,3
C15861,9
C15862,5
C15863,5
C15864,9
C15865,0
C15866,4
C15867,3
C15868,8
C15869,1
C15870,5
C15871,5
C15872,6
C15873,3
C15874,5
C15875,1
C15876,5
C15877,6
C15878,6
C15879,9
C15880,5
C15881,2
C15882,2
C15883,1
C15885,2
C15886,5
C15887,5
C15888,3
C15889,3
C15890,6
C15891,1
C15892,0
C15893,1
C15894,3
C15895,5
C15896,5
C15897,1
C15898,3
C15899,3
C15900,1
C15901,5
C15902,6
C15903,2
C15904,4
C15905,5
C15906,5
C15907,8
C15908,2
C15909,2
C15910,3
C15912,1
C15913,5
C15914,2
C15915,5
C15916,3
C15917,5
C15918,4
C15919,2
C15920,3
C15921,5
C15922,2
C15923,6
C15924,8
C15925,5
C15926,2
C15927,4
C15928,9
C15929,2
C15930,3
C15931,1
C15932,6
C15933,1
C15934,8
C15935,9
C15936,5
C15937,6
C15938,3
C15939,3
C15940,9
C15941,9
C15943,3
C15944,8
C15945,4
C15946,5
C15947,5
C15948,1
C15949,8
C15950,2
C15951,5
C15952,2
C15953,9
C15954,8
C15955,1
C15956,6
C15957,3
C15958,5
C15959,9
C15960,3
C15961,8
C15962,5
C15963,5
C15965,5
C15966,5
C15967,0
C15968,3
C15969,3
C15970,1
C15971,3
C15972,4
C15973,5
C15974,2
C15975,1
C15976,5
C15977,5
C15978,1
C15979,8
C15980,1
C15981,5
C15982,3
C15983,8
C15984,1
C15985,5
C15986,9
C15987,1
C15988,5
C15989,0
C15990,5
C15991,5
C15992,2
C15993,5
C15994,6
C15995,1
C15996,9
C15997,3
C15998,5
C15999,6
C16000,3
C16001,5
C16002,6
C16003,5
C16004,1
C16005,5
C16007,5
C16008,3
C16009,3
C16010,2
C16011,0
C16012,2
C16013,3
C16014,1
C16015,5
C16016,0
C16017,9
C16018,3
C16019,4
C16020,1
C16021,4
C16022,2
C16023,8
C16024,6
C16025,6
C16026,6
C16028,5
C16029,8
C16030,5
C16031,1
C16032,8
C16033,2
C16034,3
C16035,5
C16036,9
C16037,4
C16038,0
C16039,8
C16040,8
C16041,3
C16042,2
C16043,8
C16045,3
C16046,9
C16047,6
C16048,8
C16049,6
C16050,5
C16051,8
C16052,4
C16053,9
C16054,5
C16055,2
C16056,1
C16057,5
C16058,1
C16059,9
C16060,6
C16061,5
C16062,8
C16063,6
C16064,4
C16065,3
C16066,5
C16067,1
C16068,2
C16069,5
C16070,2
C16071,3
C16072,2
C16073,3
C16074,9
C16075,1
C16076,8
C16077,2
C16078,9
C16079,5
C16080,5
C16081,5
C16082,5
C16083,9
C16084,5
C16085,1
C16086,9
C16087,3
C16088,4
C16089,8
C16090,5
C16091,3
C16092,5
C16093,1
C16094,8
C16095,6
C16096,4
C16097,9
C16098,2
C16099,5
C16100,5
C16101,6
C16102,6
C16103,0
C16104,5
C16105,2
C16106,3
C16107,6
C16108,9
C16109,5
C16110,1
C16111,6
C16112,5
C16113,5
C16114,1
C16115,3
C16116,1
C16117,3
C16118,1
C16119,5
C16120,5
C16121,3
C16122,9
C16123,6
C16124,5
C16125,3
C16126,9
C16127,3
C16128,0
C16129,9
C16130,6
C16131,0
C16132,2
C16133,1
C16134,5
C16135,5
C16136,5
C16137,2
C16138,6
C16139,5
C16140,5
C16141,6
C16142,4
C16143,5
C16144,4
C16145,2
C16146,2
C16147,6
C16148,5
C16149,2
C16150,3
C16151,3
C16153,6
C16154,3
C16155,5
C16157,5
C16158,5
C16159,1
C16160,9
C16161,5
C16162,9
C16163,3
C16164,5
C16165,6
C16166,5
C16167,5
C16168,0
C16169,5
C16171,4
C16172,9
C16173,1
C16174,9
C16175,3
C16176,4
C16177,5
C16178,1
C16179,5
C16180,2
C16181,1
C16182,5
C16184,8
C16185,5
C16186,5
C16187,5
C16188,8
C16189,1
C16190,5
C16191,6
C16192,9
C16193,5
C16194,8
C16195,3
C16196,3
C16197,0
C16198,1
C16199,9
C16200,6
C16201,8
C16202,6
C16203,6
C16204,2
C16205,2
C16206,3
C16207,5
C16208,0
C16209,1
C16210,1
C16212,0
C16213,8
C16214,1
C16215,8
C16216,5
C16217,1
C16218,9
C16219,8
C16220,6
C16221,6
C16222,2
C16223,8
C16224,5
C16225,3
C16226,6
C16227,3
C16228,6
C16229,3
C16230,2
C16231,6
C16232,2
C16233,9
C16234,0
C16235,2
C16236,6
C16237,5
C16238,9
C16239,6
C16240,3
C16241,1
C16242,8
C16243,6
C16244,5
C16245,5
C16246,5
C16247,1
C16248,0
C16249,1
C16250,5
C16251,6
C16252,6
C16253,9
C16254,8
C16255,6
C16256,8
C16257,3
C16258,5
C16259,2
C16260,5
C16261,6
C16262,0
C16263,3
C16264,9
C16265,3
C16266,4
C16267,6
C16268,6
C16269,2
C16270,1
C16271,3
C16272,8
C16273,1
C16274,3
C16275,3
C16276,6
C16277,5
C16278,9
C16279,4
C16280,6
C16281,3
C16282,2
C16283,5
C16284,3
C16285,1
C16286,9
C16287,5
C16288,5
C16289,2
C16290,9
C16291,5
C16292,6
C16293,8
C16294,5
C16295,9
C16296,1
C16297,9
C16298,2
C16299,6
C16300,5
C16301,5
C16302,0
C16303,5
C16304,3
C16305,6
C16306,9
C16307,2
C16308,8
C16309,9
C16310,1
C16311,5
C16312,1
C16313,2
C16314,5
C16315,5
C16316,1
C16317,9
C16318,6
C16319,4
C16320,4
C16321,8
C16322,6
C16323,5
C16324,6
C16325,8
C16326,6
C16327,2
C16328,6
C16329,1
C16330,5
C16331,3
C16332,9
C16333,3
C16334,8
C16335,2
C16336,1
C16337,9
C16338,9
C16339,5
C16340,3
C16341,1
C16342,4
C16343,9
C16345,3
C16346,1
C16347,2
C16348,6
C16349,2
C16350,8
C16351,5
C16352,5
C16353,5
C16354,9
C16355,3
C16356,1
C16357,2
C16358,9
C16359,5
C16360,5
C16361,2
C16362,3
C16363,3
C16364,5
C16365,3
C16366,8
C16367,2
C16369,9
C16370,5
C16371,6
C16372,2
C16373,5
C16374,3
C16375,9
C16376,2
C16377,1
C16378,9
C16379,6
C16380,3
C16381,1
C16382,3
C16383,1
C16384,5
C16385,5
C16386,1
C16387,2
C16388,9
C16389,0
C16390,3
C16391,3
C16392,1
C16393,8
C16394,3
C16395,6
C16396,1
C16397,3
C16398,4
C16399,3
C16400,8
C16401,9
C16402,5
C16403,0
C16404,8
C16405,8
C16406,4
C16407,3
C16408,5
C16409,5
C16410,5
C16411,6
C16412,9
C16414,5
C16415,5
C16416,6
C16417,8
C16418,5
C16419,9
C16421,9
C16422,5
C16423,2
C16424,4
C16425,5
C16426,5
C16427,5
C16428,3
C16429,4
C16430,5
C16431,3
C16432,5
C16433,1
C16434,5
C16435,2
C16436,2
C16437,5
C16438,8
C16439,1
C16440,9
C16441,5
C16442,4
C16443,4
C16444,5
C16445,2
C16446,8
C16447,5
C16448,0
C16449,5
C16450,6
C16451,1
C16452,5
C16453,3
C16454,6
C16455,3
C16456,4
C16457,1
C16458,4
C16459,0
C16460,5
C16461,2
C16462,0
C16463,9
C16464,3
C16465,6
C16466,5
C16467,6
C16468,9
C16469,5
C16470,8
C16471,1
C16472,0
C16473,3
C16474,4
C16475,8
C16476,5
C16477,4
C16478,6
C16479,6
C16480,6
C16481,6
C16482,5
C16483,9
C16484,3
C16485,5
C16486,8
C16487,9
C16488,5
C16489,9
C16490,6
C16491,3
C16492,6
C16493,5
C16494,1
C16495,1
C16496,3
C16497,5
C16498,6
C16499,5
C16500,6
C16501,9
C16502,8
C16503,5
C16504,9
C16505,5
C16506,6
C16507,0
C16508,9
C16509,6
C16510,5
C16511,6
C16512,3
C16513,5
C16514,2
C16515,8
C16516,9
C16517,3
C16518,8
C16519,9
C16520,3
C16521,5
C16522,1
C16523,9
C16524,6
C16525,5
C16526,5
C16527,0
C16528,3
C16529,2
C16530,5
C16531,8
C16532,2
C16533,1
C16534,5
C16535,9
C16536,1
C16537,4
C16538,3
C16539,5
C16540,4
C16541,9
C16542,5
C16543,1
C16544,1
C16545,1
C16546,5
C16547,2
C16548,2
C16549,6
C16550,3
C16551,5
C16552,2
C16553,9
C16554,2
C16555,6
C16556,6
C16557,1
C16558,3
C16559,5
C16560,3
C16561,2
C16562,9
C16563,3
C16564,0
C16565,0
C16566,5
C16567,6
C16568,5
C16569,3
C16570,4
C16571,8
C16572,5
C16573,2
C16574,2
C16575,2
C16576,5
C16577,5
C16578,3
C16579,2
C16580,9
C16581,9
C16583,1
C16584,5
C16585,2
C16586,4
C16587,9
C16588,5
C16589,5
C16590,8
C16591,3
C16592,5
C16593,1
C16594,1
C16595,1
C16596,3
C16597,5
C16598,9
C16599,6
C16600,1
C16601,1
C16602,0
C16603,3
C16604,6
C16605,6
C16606,5
C16607,6
C16608,4
C16609,9
C16610,1
C16611,0
C16612,5
C16613,5
C16614,1
C16615,2
C16616,6
C16617,0
C16618,3
C16619,1
C16620,1
C16621,5
C16622,4
C16623,4
C16625,1
C16626,5
C16627,2
C16628,1
C16629,3
C16630,2
C16631,8
C16632,9
C16633,0
C16634,9
C16635,3
C16636,1
C16637,3
C16638,9
C16639,5
C16640,8
C16641,5
C16642,5
C16643,3
C16644,3
C16645,5
C16646,5
C16647,1
C16648,8
C16650,5
C16651,2
C16652,5
C16653,2
C16654,3
C16655,5
C16656,9
C16657,9
C16658,6
C16659,2
C16660,3
C16661,6
C16662,1
C16663,5
C16664,8
C16665,4
C16666,1
C16667,3
C16668,1
C16669,2
C16670,1
C16671,4
C16672,9
C16673,4
C16674,0
C16675,3
C16676,5
C16677,6
C16678,3
C16679,5
C16680,2
C16681,3
C16682,3
C16683,1
C16684,8
C16685,3
C16686,3
C16687,5
C16688,3
C16689,3
C16690,6
C16691,1
C16692,8
C16693,8
C16694,1
C16695,5
C16697,8
C16698,1
C16699,3
C16700,9
C16701,8
C16702,3
C16703,4
C16704,5
C16705,8
C16706,4
C16707,3
C16708,3
C16709,5
C16710,5
C16711,5
C16712,2
C16713,5
C16714,4
C16715,3
C16716,3
C16717,5
C16718,3
C16719,5
C16720,3
C16721,5
C16722,4
C16723,2
C16724,5
C16725,5
C16726,3
C16727,8
C16728,9
C16729,9
C16730,9
C16731,5
C16732,1
C16733,0
C16734,3
C16735,4
C16736,5
C16737,8
C16738,4
C16739,1
C16740,9
C16741,5
C16742,9
C16743,5
C16744,5
C16745,5
C16746,5
C16747,5
C16748,3
C16749,8
C16750,8
C16751,5
C16752,3
C16753,4
C16755,4
C16757,5
C16758,0
C16759,4
C16760,2
C16761,2
C16762,6
C16763,2
C16764,4
C16765,5
C16766,4
C16767,5
C16768,6
C16769,4
C16770,5
C16771,8
C16772,5
C16773,4
C16774,5
C16775,2
C16776,5
C16777,5
C16778,8
C16779,5
C16780,5
C16781,1
C16782,5
C16784,3
C16785,6
C16786,5
C16787,8
C16789,5
C16790,2
C16791,3
C16792,3
C16793,1
C16794,6
C16795,9
C16796,1
C16797,5
C16798,2
C16799,6
C16800,3
C16801,3
C16802,5
C16803,1
C16804,5
C16805,9
C16806,3
C16807,6
C16808,4
C16809,6
C16810,6
C16811,9
C16812,6
C16813,4
C16814,2
C16815,0
C16816,1
C16817,6
C16818,3
C16819,3
C16820,8
C16821,1
C16822,5
C16823,0
C16824,5
C16825,3
C16826,9
C16827,9
C16828,5
C16829,9
C16831,6
C16832,2
C16833,3
C16834,3
C16835,1
C16836,2
C16837,5
C16838,5
C16839,8
C16840,3
C16841,5
C16842,5
C16843,9
C16844,9
C16845,3
C16847,2
C16849,2
C16850,3
C16851,8
C16852,6
C16854,5
C16855,8
C16856,9
C16857,1
C16858,5
C16859,3
C16860,0
C16861,5
C16862,2
C16863,5
C16864,1
C16865,1
C16866,5
C16867,8
C16868,9
C16869,1
C16870,5
C16871,8
C16872,9
C16873,6
C16874,3
C16875,3
C16876,6
C16877,5
C16878,3
C16880,5
C16881,6
C16882,8
C16883,5
C16884,1
C16885,3
C16886,3
C16887,3
C16888,2
C16889,5
C16890,9
C16891,3
C16892,1
C16893,8
C16894,4
C16895,1
C16896,3
C16897,6
C16898,2
C16899,8
C16900,5
C16901,1
C16902,1
C16903,4
C16904,5
C16905,4
C16906,5
C16907,8
C16908,9
C16909,3
C16910,6
C16911,2
C16912,4
C16913,8
C16914,1
C16915,2
C16916,1
C16917,5
C16918,3
C16919,3
C16920,1
C16921,3
C16922,2
C16923,4
C16924,9
C16925,6
C16926,9
C16927,3
C16928,3
C16929,3
C16930,9
C16931,5
C16932,2
C16933,4
C16934,9
C16935,6
C16936,8
C16937,1
C16938,6
C16939,3
C16940,6
C16941,4
C16942,9
C16943,1
C16944,1
C16945,3
C16946,9
C16947,5
C16948,3
C16949,9
C16950,2
C16951,4
C16952,3
C16953,2
C16954,2
C16955,5
C16956,5
C16957,3
C16958,5
C16959,5
C16960,2
C16961,2
C16962,2
C16963,8
C16964,8
C16965,3
C16966,3
C16967,3
C16968,5
C16969,1
C16970,3
C16971,2
C16972,3
C16973,5
C16974,5
C16975,5
C16976,1
C16977,2
C16978,3
C16979,1
C16980,5
C16981,4
C16982,1
C16983,4
C16984,8
C16985,3
C16986,1
C16987,6
C16988,5
C16989,4
C16990,5
C16991,2
C16992,3
C16993,3
C16994,5
C16995,6
C16996,9
C16997,3
C16998,8
C16999,8
C17000,3
C17001,8
C17002,1
C17003,2
C17004,8
C17005,5
C17006,0
C17007,8
C17008,4
C17009,3
C17010,5
C17011,2
C17012,2
C17013,1
C17014,5
C17015,6
C17016,4
C17017,9
C17018,6
C17019,3
C17020,5
C17021,6
C17022,3
C17023,6
C17024,8
C17025,6
C17026,1
C17027,9
C17028,8
C17029,5
C17030,5
C17031,2
C17032,1
C17033,4
C17034,4
C17035,1
C17036,5
C17037,3
C17038,4
C17039,5
C17040,4
C17041,8
C17042,5
C17043,2
C17044,4
C17045,0
C17046,5
C17047,3
C17048,4
C17049,6
C17050,8
C17051,1
C17052,5
C17053,1
C17054,9
C17055,5
C17056,9
C17057,6
C17058,8
C17059,3
C17060,5
C17062,4
C17063,5
C17064,1
C17065,8
C17066,5
C17067,8
C17068,2
C17069,3
C17070,2
C17071,5
C17072,1
C17073,5
C17074,1
C17075,8
C17076,8
C17077,3
C17078,9
C17079,4
C17080,5
C17081,8
C17082,1
C17083,8
C17084,1
C17085,3
C17086,6
C17087,5
C17088,2
C17089,9
C17090,5
C17091,3
C17092,1
C17093,4
C17094,9
C17095,3
C17096,3
C17097,5
C17098,1
C17099,5
C17100,3
C17101,2
C17102,3
C17103,5
C17104,5
C17105,6
C17106,1
C17107,3
C17108,8
C17109,8
C17110,2
C17111,8
C17112,3
C17113,1
C17114,2
C17115,5
C17116,5
C17117,3
C17118,3
C17119,3
C17120,8
C17121,5
C17122,6
C17123,5
C17124,1
C17125,3
C17126,9
C17127,4
C17128,5
C17129,3
C17130,5
C17131,5
C17132,5
C17133,6
C17134,5
C17135,3
C17136,2
C17137,4
C17138,9
C17139,2
C17140,5
C17141,4
C17142,3
C17143,3
C17144,5
C17145,5
C17146,1
C17147,5
C17148,5
C17149,2
C17150,4
C17151,2
C17152,1
C17153,9
C17154,1
C17156,9
C17157,4
C17158,5
C17159,1
C17160,3
C17161,2
C17162,8
C17163,1
C17164,2
C17165,8
C17166,5
C17167,3
C17168,1
C17169,8
C17170,0
C17172,3
C17173,4
C17174,1
C17175,4
C17176,8
C17177,1
C17178,3
C17179,6
C17180,8
C17181,0
C17182,8
C17183,6
C17184,1
C17185,3
C17186,5
C17187,8
C17188,9
C17189,1
C17190,4
C17191,6
C17192,8
C17193,8
C17194,5
C17195,1
C17196,2
C17197,2
C17198,3
C17199,1
C17200,4
C17201,5
C17202,5
C17203,5
C17204,6
C17205,0
C17206,5
C17207,6
C17208,0
C17209,3
C17210,6
C17211,1
C17212,5
C17213,3
C17214,6
C17215,5
C17216,4
C17217,3
C17218,5
C17219,3
C17220,0
C17221,1
C17222,3
C17223,3
C17224,5
C17225,5
C17226,3
C17227,8
C17228,4
C17229,4
C17230,8
C17231,5
C17232,9
C17233,5
C17234,9
C17235,2
C17236,2
C17237,0
C17239,8
C17240,3
C17241,2
C17242,9
C17243,3
C17244,8
C17245,9
C17246,5
C17247,2
C17248,5
C17249,5
C17250,3
C17251,2
C17252,1
C17253,5
C17254,1
C17255,9
C17256,5
C17257,5
C17258,8
C17259,4
C17260,1
C17261,3
C17262,5
C17263,3
C17264,0
C17265,1
C17266,2
C17267,8
C17268,5
C17269,9
C17270,6
C17271,4
C17272,5
C17273,6
C17274,8
C17275,8
C17276,3
C17277,3
C17278,9
C17279,4
C17280,3
C17281,4
C17282,3
C17283,3
C17284,1
C17285,8
C17286,6
C17287,5
C17288,3
C17289,8
C17290,0
C17291,2
C17292,8
C17293,4
C17294,1
C17295,1
C17296,8
C17297,5
C17298,6
C17299,8
C17300,5
C17302,5
C17303,2
C17304,1
C17305,5
C17306,1
C17307,4
C17308,3
C17309,2
C17310,1
C17311,6
C17312,2
C17313,4
C17314,4
C17315,6
C17316,3
C17317,0
C17318,4
C17319,3
C17320,6
C17321,8
C17322,5
C17323,2
C17324,5
C17325,5
C17326,5
C17327,6
C17328,8
C17329,0
C17330,4
C17331,3
C17332,8
C17334,3
C17335,3
C17336,8
C17337,1
C17338,5
C17339,3
C17340,8
C17341,8
C17342,3
C17343,3
C17344,6
C17345,3
C17346,6
C17347,8
C17348,3
C17349,3
C17350,5
C17351,9
C17352,9
C17353,4
C17354,5
C17355,9
C17356,1
C17357,2
C17358,8
C17359,5
C17360,8
C17361,2
C17362,2
C17363,5
C17364,5
C17365,2
C17366,2
C17367,1
C17368,9
C17369,6
C17370,8
C17371,2
C17372,1
C17373,3
C17374,3
C17376,5
C17377,0
C17378,3
C17379,4
C17380,3
C17381,8
C17382,6
C17383,1
C17384,3
C17385,1
C17386,8
C17387,5
C17388,5
C17389,3
C17390,1
C17391,3
C17392,5
C17393,5
C17394,1
C17395,5
C17396,3
C17397,5
C17398,5
C17399,9
C17400,2
C17401,4
C17402,8
C17403,3
C17404,2
C17405,5
C17406,5
C17407,1
C17408,9
C17409,2
C17410,2
C17411,1
C17412,9
C17413,5
C17414,5
C17415,3
C17416,2
C17417,1
C17418,1
C17419,6
C17420,5
C17421,3
C17422,5
C17423,5
C17424,3
C17425,1
C17426,5
C17427,6
C17428,9
C17429,1
C17430,0
C17431,5
C17432,8
C17433,5
C17434,9
C17435,5
C17436,3
C17437,4
C17438,9
C17439,1
C17440,1
C17441,3
C17442,5
C17443,4
C17444,2
C17445,5
C17446,2
C17448,6
C17449,4
C17450,1
C17451,9
C17452,5
C17453,8
C17454,5
C17455,1
C17456,8
C17457,8
C17458,4
C17459,6
C17460,3
C17461,6
C17462,2
C17463,2
C17464,4
C17465,4
C17466,6
C17467,1
C17468,9
C17469,9
C17470,8
C17471,4
C17472,5
C17473,0
C17474,9
C17476,1
C17477,5
C17478,3
C17479,3
C17480,1
C17481,3
C17482,2
C17483,6
C17484,3
C17485,5
C17486,8
C17487,9
C17488,5
C17489,3
C17490,2
C17491,4
C17492,2
C17493,5
C17494,5
C17495,6
C17496,2
C17497,8
C17498,3
C17499,5
C17500,1
C17501,2
C17502,3
C17503,3
C17504,9
C17505,6
C17506,3
C17507,4
C17508,6
C17509,2
C17510,2
C17511,5
C17512,9
C17513,3
C17514,4
C17515,2
C17516,1
C17517,6
C17518,3
C17519,4
C17521,5
C17522,5
C17523,3
C17524,5
C17525,8
C17526,4
C17527,5
C17528,6
C17529,0
C17530,4
C17531,5
C17532,9
C17533,5
C17534,6
C17535,6
C17536,5
C17538,5
C17539,3
C17540,4
C17541,6
C17542,5
C17543,5
C17544,3
C17545,3
C17546,4
C17547,3
C17548,3
C17549,6
C17550,0
C17551,1
C17553,3
C17554,4
C17555,3
C17556,3
C17557,8
C17558,2
C17559,9
C17560,2
C17561,6
C17562,4
C17563,9
C17565,8
C17566,6
C17567,3
C17568,5
C17569,3
C17570,6
C17571,6
C17572,4
C17573,6
C17574,6
C17575,8
C17576,1
C17577,3
C17578,3
C17579,9
C17580,3
C17581,2
C17582,8
C17583,6
C17584,2
C17585,9
C17586,3
C17587,5
C17588,3
C17589,3
C17590,9
C17591,3
C17593,8
C17594,3
C17595,5
C17596,5
C17597,8
C17598,5
C17599,9
C17600,5
C17601,4
C17602,9
C17603,3
C17604,9
C17605,5
C17606,3
C17607,5
C17608,2
C17609,9
C17610,0
C17611,4
C17612,5
C17613,0
C17614,9
C17615,5
C17616,3
C17617,2
C17618,3
C17619,0
C17620,2
C17621,6
C17622,5
C17623,9
C17624,2
C17625,0
C17626,2
C17628,5
C17629,8
C17630,1
C17631,9
C17632,0
C17633,8
C17634,3
C17635,1
C17636,1
C17637,2
C17638,8
C17639,3
C17640,5
C17641,4
C17642,8
C17643,8
C17644,9
C17645,1
C17646,9
C17647,0
C17648,5
C17649,6
C17650,1
C17651,3
C17652,3
C17653,8
C17654,5
C17655,8
C17656,3
C17657,2
C17658,4
C17659,8
C17660,5
C17661,1
C17662,2
C17663,5
C17664,1
C17665,3
C17666,2
C17667,5
C17668,9
C17669,3
C17670,5
C17671,5
C17672,5
C17673,3
C17674,2
C17675,2
C17676,0
C17677,5
C17678,2
C17679,5
C17680,1
C17681,5
C17682,4
C17683,3
C17684,2
C17685,5
C17686,1
C17687,0
C17688,4
C17689,9
C17690,5
C17691,9
C17692,2
C17693,6
C17694,1
C17695,3
C17696,2
C17697,3
C17698,5
C17699,9
C17700,6
C17701,6
C17702,2
C17703,5
C17704,3
C17705,9
C17706,9
C17707,3
C17708,3
C17709,3
C17710,3
C17711,0
C17712,8
C17713,3
C17714,3
C17715,3
C17716,6
C17717,0
C17718,8
C17719,6
C17720,3
C17721,2
C17722,2
C17723,5
C17724,6
C17726,3
C17727,6
C17728,4
C17729,5
C17730,6
C17731,0
C17732,5
C17733,8
C17734,3
C17735,5
C17736,3
C17737,2
C17738,5
C17739,9
C17740,6
C17741,8
C17742,5
C17743,9
C17744,8
C17745,5
C17746,3
C17747,2
C17748,3
C17749,2
C17750,5
C17751,4
C17752,5
C17753,1
C17754,5
C17755,1
C17756,5
C17757,6
C17758,3
C17759,1
C17760,3
C17761,8
C17762,9
C17763,8
C17764,5
C17765,1
C17767,5
C17768,1
C17769,8
C17770,1
C17771,2
C17772,1
C17773,6
C17774,6
C17776,3
C17777,3
C17778,9
C17779,8
C17780,8
C17781,4
C17782,2
C17783,3
C17784,9
C17785,3
C17786,6
C17787,2
C17788,5
C17789,5
C17790,5
C17791,5
C17792,6
C17793,0
C17794,2
C17795,1
C17796,4
C17797,5
C17798,5
C17799,5
C17800,3
C17801,4
C17802,1
C17803,1
C17804,9
C17805,5
C17806,5
C17807,5
C17808,4
C17809,5
C17810,4
C17811,8
C17812,3
C17813,4
C17814,9
C17815,4
C17816,3
C17817,1
C17818,5
C17819,4
C17820,2
C17821,1
C17822,2
C17823,9
C17824,5
C17825,3
C17826,1
C17827,5
C17828,5
C17829,5
C17830,5
C17831,8
C17832,5
C17833,1
C17834,3
C17835,0
C17836,4
C17837,5
C17838,4
C17839,5
C17840,9
C17841,5
C17842,3
C17843,5
C17844,4
C17845,8
C17846,2
C17847,8
C17848,5
C17849,8
C17850,3
C17851,5
C17852,3
C17853,4
C17854,5
C17855,5
C17856,9
C17857,3
C17858,8
C17859,4
C17860,1
C17861,0
C17862,5
C17863,1
C17864,8
C17865,3
C17866,3
C17867,6
C17868,3
C17869,8
C17870,8
C17871,3
C17872,1
C17873,5
C17874,5
C17875,8
C17876,6
C17877,9
C17878,1
C17879,8
C17880,5
C17881,5
C17882,1
C17883,9
C17884,8
C17885,2
C17886,0
C17887,5
C17888,9
C17889,5
C17890,5
C17891,5
C17892,5
C17893,4
C17894,9
C17895,3
C17896,3
C17897,3
C17898,6
C17899,1
C17900,0
C17901,9
C17902,9
C17903,3
C17904,0
C17905,5
C17906,6
C17907,8
C17908,3
C17909,2
C17910,3
C17911,9
C17912,6
C17913,3
C17914,8
C17915,5
C17916,5
C17917,6
C17919,9
C17920,8
C17921,5
C17922,4
C17923,4
C17924,2
C17925,3
C17926,5
C17927,6
C17928,6
C17929,1
C17930,5
C17931,5
C17933,3
C17934,5
C17935,4
C17937,5
C17938,6
C17939,0
C17940,5
C17941,1
C17942,8
C17943,9
C17944,4
C17945,1
C17946,5
C17947,3
C17948,6
C17950,8
C17951,5
C17952,0
C17953,1
C17954,3
C17955,8
C17956,5
C17957,3
C17958,9
C17959,3
C17960,5
C17962,1
C17963,0
C17964,1
C17965,3
C17966,5
C17967,5
C17968,8
C17969,4
C17970,6
C17971,3
C17972,6
C17973,4
C17974,3
C17975,9
C17976,2
C17977,3
C17978,5
C17979,6
C17980,8
C17981,3
C17982,1
C17983,5
C17984,5
C17985,5
C17986,1
C17988,5
C17989,8
C17990,8
C17991,5
C17992,3
C17993,4
C17994,9
C17995,5
C17996,3
C17997,9
C17998,6
C17999,8
C18000,3
C18001,2
C18002,3
C18003,9
C18004,3
C18005,3
C18006,0
C18007,1
C18008,4
C18009,4
C18010,5
C18011,3
C18012,3
C18013,3
C18014,2
C18015,2
C18016,3
C18017,5
C18018,3
C18019,1
C18020,9
C18021,1
C18022,0
C18023,1
C18024,9
C18025,6
C18026,5
C18027,2
C18028,0
C18029,3
C18031,6
C18032,0
C18033,0
C18034,9
C18035,6
C18036,8
C18037,9
C18038,4
C18039,9
C18040,3
C18041,5
C18042,4
C18043,5
C18044,8
C18045,4
C18046,2
C18047,8
C18048,3
C18049,5
C18050,1
C18051,1
C18052,9
C18053,1
C18054,9
C18055,1
C18056,6
C18057,4
C18058,1
C18059,8
C18060,6
C18061,3
C18062,5
C18063,4
C18064,2
C18065,1
C18066,8
C18067,2
C18068,4
C18069,5
C18070,2
C18071,5
C18072,5
C18073,5
C18074,5
C18075,5
C18076,5
C18077,3
C18078,8
C18079,8
C18080,2
C18081,3
C18082,5
C18083,5
C18084,3
C18085,1
C18086,1
C18088,9
C18089,9
C18090,8
C18091,1
C18092,8
C18093,3
C18094,3
C18095,2
C18096,2
C18097,9
C18098,3
C18099,3
C18100,3
C18101,3
C18102,2
C18103,0
C18104,3
C18105,5
C18106,4
C18107,8
C18108,5
C18109,3
C18110,0
C18111,5
C18112,3
C18113,6
C18114,6
C18115,5
C18116,2
C18117,2
C18118,1
C18119,3
C18120,5
C18121,3
C18122,8
C18123,5
C18124,3
C18125,0
C18126,4
C18127,1
C18128,3
C18129,4
C18130,4
C18131,3
C18132,5
C18134,8
C18135,3
C18136,6
C18137,3
C18138,0
C18139,5
C18140,8
C18141,3
C18142,8
C18143,2
C18144,4
C18145,6
C18146,2
C18147,1
C18148,8
C18149,3
C18150,4
C18151,5
C18152,6
C18153,8
C18154,8
C18155,3
C18156,6
C18157,3
C18158,3
C18159,0
C18160,9
C18161,8
C18162,3
C18163,6
C18164,3
C18165,4
C18166,5
C18167,8
C18168,3
C18169,4
C18170,3
C18171,5
C18172,5
C18173,5
C18174,2
C18175,5
C18176,8
C18177,1
C18179,9
C18180,9
C18181,4
C18182,5
C18183,8
C18184,4
C18185,4
C18186,3
C18187,8
C18188,4
C18189,8
C18190,8
C18191,0
C18192,3
C18193,3
C18194,8
C18195,2
C18196,3
C18197,3
C18198,5
C18199,8
C18200,3
C18201,5
C18202,4
C18203,1
C18204,3
C18205,8
C18206,8
C18207,9
C18208,3
C18209,3
C18210,2
C18211,5
C18212,3
C18214,5
C18215,1
C18216,1
C18217,8
C18218,4
C18219,5
C18220,8
C18221,4
C18222,0
C18223,3
C18224,9
C18225,3
C18226,2
C18227,8
C18228,2
C18229,9
C18230,8
C18231,8
C18232,3
C18233,0
C18234,8
C18235,2
C18236,9
C18237,3
C18238,9
C18239,3
C18240,8
C18241,3
C18242,2
C18243,6
C18244,1
C18245,1
C18246,9
C18247,2
C18248,8
C18249,8
C18250,3
C18251,5
C18252,4
C18253,5
C18254,9
C18255,2
C18256,3
C18257,4
C18258,5
C18259,4
C18260,8
C18261,3
C18262,3
C18263,5
C18264,3
C18266,5
C18267,5
C18268,8
C18269,2
C18270,9
C18271,5
C18272,1
C18273,9
C18274,3
C18275,3
C18276,4
C18277,4
C18278,9
C18279,0
C18280,3
C18281,4
C18282,5
C18283,3
C18284,8
C18285,8
C18286,3
C18287,5
C18288,2
C18289,3
C18290,5
C18291,0
C18292,1
C18293,5
C18294,5
C18296,9
C18297,3
C18298,3
C18299,1
C18300,3
C18301,5
C18302,8
C18303,2
C18304,5
C18305,5
C18306,8
C18307,5
C18308,1
C18309,8
C18310,8
C18311,8
C18312,8
C18313,4
C18314,2
C18315,6
C18316,8
C18317,9
C18318,3
C18319,3
C18320,5
C18321,9
C18322,3
C18323,8
C18324,9
C18326,3
C18327,4
C18328,6
C18329,8
C18330,6
C18331,5
C18332,3
C18333,9
C18334,4
C18335,8
C18336,4
C18337,3
C18338,3
C18339,5
C18340,5
C18341,5
C18342,5
C18343,3
C18344,1
C18345,3
C18346,4
C18347,9
C18348,1
C18349,4
C18350,3
C18351,5
C18352,2
C18353,9
C18354,2
C18355,3
C18356,4
C18357,8
C18358,5
C18359,5
C18360,5
C18361,1
C18362,5
C18363,5
C18364,3
C18365,5
C18366,1
C18367,5
C18368,1
C18369,2
C18370,9
C18371,5
C18372,8
C18373,3
C18374,9
C18375,3
C18376,8
C18377,8
C18378,8
C18379,0
C18380,5
C18381,3
C18382,9
C18383,2
C18384,1
C18385,2
C18386,3
C18387,9
C18388,3
C18389,8
C18390,5
C18391,1
C18392,4
C18393,8
C18394,0
C18395,3
C18396,3
C18397,6
C18398,8
C18399,3
C18400,5
C18401,6
C18402,0
C18403,1
C18404,8
C18405,3
C18406,3
C18407,5
C18408,5
C18409,3
C18410,8
C18411,8
C18412,2
C18413,5
C18414,8
C18415,9
C18416,3
C18417,2
C18418,2
C18419,1
C18420,9
C18421,4
C18422,3
C18423,5
C18424,9
C18425,3
C18426,5
C18427,5
C18428,5
C18429,3
C18430,3
C18431,5
C18432,8
C18433,8
C18434,3
C18435,6
C18436,1
C18437,1
C18438,2
C18439,8
C18440,2
C18441,4
C18442,9
C18443,9
C18444,4
C18445,2
C18446,8
C18447,1
C18449,3
C18450,2
C18451,8
C18452,2
C18453,3
C18454,3
C18455,4
C18456,5
C18457,3
C18458,5
C18459,3
C18460,6
C18461,1
C18462,4
C18463,5
C18464,5
C18465,8
C18466,4
C18467,3
C18468,4
C18469,3
C18470,8
C18471,5
C18472,5
C18473,4
C18474,3
C18475,5
C18476,0
C18477,0
C18478,9
C18479,1
C18480,3
C18481,8
C18482,4
C18483,3
C18484,4
C18485,5
C18486,9
C18487,9
C18488,5
C18489,5
C18490,1
C18491,1
C18492,1
C18493,1
C18494,4
C18495,1
C18496,3
C18497,5
C18498,2
C18499,3
C18500,1
C18501,9
C18502,5
C18503,5
C18504,5
C18505,5
C18506,3
C18507,3
C18508,9
C18509,5
C18510,4
C18511,3
C18512,4
C18513,1
C18514,8
C18515,0
C18516,3
C18517,9
C18518,5
C18519,5
C18520,3
C18521,4
C18522,5
C18523,5
C18524,3
C18525,2
C18526,3
C18527,5
C18528,1
C18529,9
C18530,5
C18531,1
C18532,1
C18533,3
C18534,0
C18535,9
C18536,5
C18537,5
C18538,9
C18539,5
C18540,5
C18541,5
C18542,8
C18543,9
C18544,8
C18545,1
C18546,3
C18547,4
C18548,8
C18549,3
C18550,8
C18551,1
C18552,4
C18553,5
C18554,9
C18555,4
C18556,3
C18557,2
C18558,4
C18559,9
C18560,4
C18561,3
C18562,3
C18563,6
C18564,8
C18565,9
C18566,4
C18567,5
C18568,5
C18569,4
C18570,3
C18571,1
C18572,8
C18573,6
C18574,2
C18575,5
C18577,3
C18578,6
C18579,3
C18580,1
C18582,2
C18583,2
C18584,4
C18585,1
C18586,4
C18587,8
C18588,5
C18589,5
C18590,4
C18591,2
C18592,4
C18593,5
C18594,5
C18595,3
C18596,3
C18598,5
C18599,9
C18600,8
C18601,5
C18602,4
C18603,3
C18604,1
C18605,3
C18606,3
C18607,3
C18608,8
C18609,0
C18610,8
C18611,2
C18613,6
C18614,3
C18615,4
C18616,5
C18617,2
C18618,8
C18619,0
C18620,1
C18621,6
C18622,5
C18623,1
C18624,3
C18625,8
C18626,2
C18627,5
C18628,8
C18629,8
C18631,4
C18632,3
C18633,4
C18634,3
C18635,5
C18636,5
C18637,5
C18638,8
C18639,4
C18640,0
C18641,1
C18642,4
C18643,1
C18644,1
C18645,9
C18646,3
C18647,5
C18648,5
C18649,5
C18650,5
C18652,5
C18653,8
C18654,8
C18655,9
C18656,4
C18657,5
C18658,8
C18660,3
C18661,8
C18662,3
C18663,9
C18664,1
C18665,1
C18666,5
C18667,1
C18668,1
C18669,5
C18671,8
C18672,3
C18673,8
C18674,5
C18675,1
C18676,2
C18677,2
C18678,8
C18679,2
C18680,5
C18682,6
C18683,9
C18684,6
C18685,3
C18686,3
C18687,9
C18688,5
C18689,3
C18690,3
C18691,1
C18692,4
C18693,9
C18694,5
C18695,0
C18696,3
C18697,2
C18698,8
C18699,1
C18700,1
C18701,5
C18702,8
C18703,2
C18704,3
C18705,4
C18706,5
C18707,5
C18708,5
C18709,9
C18710,8
C18711,4
C18712,4
C18713,8
C18714,8
C18715,4
C18716,4
C18717,8
C18718,1
C18719,0
C18720,8
C18721,8
C18722,3
C18723,4
C18724,8
C18725,6
C18726,4
C18728,8
C18729,4
C18730,8
C18731,8
C18732,5
C18733,5
C18734,5
C18735,8
C18736,8
C18737,5
C18738,9
C18739,5
C18740,3
C18741,4
C18742,4
C18743,8
C18744,6
C18745,1
C18746,1
C18747,8
C18748,3
C18749,9
C18750,8
C18751,4
C18752,5
C18753,3
C18754,8
C18755,8
C18756,1
C18757,3
C18758,3
C18760,3
C18761,1
C18762,4
C18763,2
C18764,8
C18765,3
C18766,4
C18767,1
C18768,8
C18769,4
C18770,3
C18771,1
C18772,5
C18773,6
C18774,8
C18775,4
C18776,5
C18778,5
C18779,1
C18780,0
C18781,1
C18782,5
C18783,5
C18784,3
C18785,0
C18786,3
C18787,9
C18788,4
C18789,5
C18790,4
C18791,4
C18792,9
C18793,5
C18794,8
C18795,3
C18796,0
C18797,5
C18798,8
C18800,8
C18801,5
C18802,8
C18803,5
C18804,2
C18805,3
C18806,3
C18807,3
C18808,5
C18809,9
C18810,4
C18811,5
C18812,8
C18813,1
C18814,8
C18815,5
C18816,5
C18817,5
C18818,9
C18819,5
C18820,5
C18821,4
C18822,3
C18823,1
C18824,1
C18825,1
C18826,5
C18827,8
C18828,8
C18829,3
C18830,3
C18831,5
C18832,5
C18833,5
C18834,4
C18835,3
C18836,9
C18837,3
C18838,4
C18839,8
C18840,3
C18841,8
C18842,4
C18843,5
C18844,1
C18845,0
C18846,8
C18847,6
C18848,1
C18849,5
C18850,9
C18851,6
C18852,3
C18853,8
C18854,4
C18855,8
C18856,8
C18857,3
C18858,3
C18859,5
C18860,5
C18861,1
C18862,4
C18863,3
C18864,6
C18865,3
C18866,4
C18867,9
C18868,2
C18869,8
C18870,4
C18871,8
C18872,0
C18873,5
C18874,3
C18875,8
C18877,8
C18878,4
C18879,3
C18880,5
C18881,5
C18882,8
C18883,5
C18885,5
C18886,3
C18887,5
C18888,3
C18889,5
C18890,4
C18891,9
C18892,8
C18893,3
C18895,2
C18896,1
C18897,5
C18898,0
C18899,6
C18900,5
C18901,3
C18902,5
C18903,3
C18904,3
C18905,9
C18906,3
C18907,2
C18908,8
C18909,5
C18910,4
C18911,4
C18912,5
C18913,5
C18914,8
C18915,5
C18916,5
C18917,5
C18918,4
C18919,3
C18920,0
C18921,9
C18922,5
C18923,5
C18924,4
C18925,5
C18926,0
C18927,5
C18928,2
C18929,5
C18930,6
C18931,5
C18932,3
C18933,4
C18934,8
C18935,1
C18936,8
C18937,5
C18938,8
C18939,4
C18940,3
C18941,3
C18942,5
C18943,3
C18944,0
C18945,9
C18946,9
C18947,8
C18948,3
C18949,4
C18950,8
C18951,4
C18952,3
C18953,2
C18954,4
C18955,8
C18956,5
C18957,1
C18958,8
C18959,5
C18960,9
C18961,9
C18962,6
C18963,1
C18964,3
C18965,3
C18966,5
C18967,5
C18968,3
C18969,5
C18970,8
C18971,5
C18972,3
C18973,9
C18975,1
C18976,2
C18977,1
C18978,5
C18979,4
C18980,3
C18982,8
C18983,9
C18984,5
C18985,9
C18986,3
C18987,2
C18988,3
C18989,8
C18990,8
C18991,8
C18992,8
C18993,1
C18994,8
C18995,4
C18996,5
C18997,2
C18998,3
C18999,1
C19000,3
C19001,3
C19002,5
C19003,6
C19004,9
C19005,3
C19006,4
C19007,1
C19008,3
C19009,4
C19010,5
C19011,4
C19012,4
C19013,3
C19014,4
C19015,3
C19016,5
C19017,9
C19018,5
C19019,5
C19020,4
C19021,5
C19022,3
C19023,8
C19024,9
C19025,3
C19026,4
C19027,3
C19028,5
C19030,1
C19031,5
C19032,1
C19033,8
C19034,4
C19035,9
C19036,1
C19037,4
C19038,3
C19039,8
C19040,4
C19041,0
C19042,5
C19043,3
C19044,5
C19045,9
C19046,4
C19047,8
C19048,1
C19049,4
C19050,4
C19051,2
C19052,8
C19053,5
C19054,4
C19055,5
C19056,9
C19057,3
C19058,3
C19059,5
C19060,3
C19061,3
C19062,3
C19063,4
C19064,3
C19065,0
C19066,4
C19068,4
C19069,5
C19070,8
C19071,8
C19072,5
C19073,8
C19074,5
C19075,3
C19076,9
C19077,4
C19078,3
C19079,9
C19080,1
C19081,1
C19082,2
C19083,5
C19084,2
C19085,9
C19086,5
C19087,1
C19088,3
C19089,1
C19090,3
C19091,4
C19092,5
C19093,8
C19094,5
C19095,8
C19096,5
C19097,6
C19098,1
C19099,9
C19100,8
C19101,3
C19102,4
C19103,2
C19104,1
C19105,3
C19106,4
C19107,3
C19108,2
C19109,5
C19110,9
C19111,4
C19112,2
C19113,1
C19114,1
C19115,1
C19116,4
C19117,9
C19118,3
C19119,5
C19120,3
C19121,9
C19122,1
C19123,8
C19124,1
C19125,8
C19126,8
C19127,5
C19128,3
C19129,4
C19130,1
C19131,4
C19132,4
C19133,8
C19134,3
C19135,3
C19136,9
C19137,1
C19138,6
C19139,1
C19140,8
C19141,3
C19142,5
C19143,4
C19144,6
C19145,4
C19146,4
C19147,5
C19148,8
C19149,4
C19150,2
C19151,2
C19152,8
C19153,1
C19154,3
C19155,5
C19156,1
C19157,8
C19158,5
C19159,8
C19160,8
C19161,5
C19162,8
C19163,3
C19164,6
C19165,8
C19166,3
C19167,4
C19168,3
C19169,4
C19170,5
C19171,1
C19172,4
C19173,4
C19174,1
C19175,4
C19176,3
C19177,4
C19178,5
C19179,5
C19180,9
C19181,4
C19182,1
C19183,3
C19184,8
C19185,2
C19186,3
C19187,3
C19188,3
C19189,8
C19190,9
